Right_Shank_Ax,Right_Shank_Az,Right_Shank_Gy,Left_Shank_Ax,Left_Shank_Az,Left_Shank_Gy,Mode,phase
1.05333333333333,-0.306666666666667,0.713333333333333,0.81,0.07,0.52,1,2
1.055,-0.3025,0.7175,0.815,0.07,0.5475,1,2
1.056,-0.3,0.72,0.816,0.07,0.584,1,2
1.062,-0.292,0.736,1.018,0.084,0.642,1,2
1.068,-0.286,0.75,1.256,0.118,0.718,1,2
1.074,-0.28,0.766,1.494,0.152,0.794,1,2
1.082,-0.27,0.786,1.728,0.186,0.848,1,2
1.09,-0.26,0.806,1.964,0.254,0.884,1,2
1.094,-0.252,0.816,2,0.308,0.904,1,2
1.096,-0.242,0.83,2,0.342,0.906,1,2
1.096,-0.236,0.838,2,0.376,0.908,1,2
1.094,-0.234,0.842,1.928,0.356,0.89,1,2
1.092,-0.232,0.846,1.856,0.302,0.87,1,2
1.098,-0.226,0.856,1.784,0.248,0.85,1,2
1.106,-0.222,0.862,1.48,0.234,0.822,1,2
1.114,-0.218,0.868,1.176,0.22,0.794,1,2
1.122,-0.214,0.874,0.804,0.3,0.786,1,2
1.132,-0.208,0.886,0.432,0.38,0.778,1,2
1.134,-0.206,0.892,0.082,0.514,0.77,1,2
1.15,-0.194,0.918,-0.036,0.608,0.77,1,2
1.168,-0.182,0.948,-0.00199999999999999,0.73,0.77,1,2
1.186,-0.17,0.978,0.172,0.812,0.77,1,2
1.202,-0.16,1.002,0.324,0.948,0.886,1,3
1.228,-0.15,1.066,0.454,1.03,1.002,1,3
1.24,-0.15,1.11,0.702,0.818,1.146,1,3
1.246,-0.146,1.15,0.798,0.578,1.29,1,3
1.266,-0.132,1.198,0.906,0.32,1.432,1,3
1.29,-0.116,1.252,1.036,0.00799999999999998,1.458,1,3
1.302,-0.092,1.27,1.166,-0.304,1.488,1,3
1.312,-0.062,1.298,1.18,-0.31,1.528,1,3
1.326,-0.026,1.334,1.2,-0.304,1.586,1,3
1.332,0,1.37,1.208,-0.28,1.646,1,3
1.332,0.034,1.412,1.204,-0.258,1.716,1,3
1.34,0.052,1.456,1.2,-0.236,1.782,1,3
1.342,0.084,1.502,1.194,-0.226,1.81,1,3
1.346,0.106,1.55,1.182,-0.228,1.82,1,3
1.344,0.102,1.598,1.156,-0.226,1.842,1,3
1.338,0.092,1.64,1.142,-0.222,1.854,1,3
1.326,0.09,1.676,1.114,-0.162,1.902,1,3
1.314,0.054,1.724,1.086,-0.102,1.95,1,3
1.3,0.018,1.762,1.058,-0.042,1.998,1,3
1.304,-0.002,1.802,1.036,0.016,2.044,1,3
1.334,-0.03,1.848,1.014,0.074,2.09,1,3
1.37,-0.074,1.896,1.006,0.076,2.1,1,3
1.408,-0.094,1.926,0.998,0.06,2.112,1,3
1.438,-0.134,1.958,0.974,0.014,2.118,1,3
1.438,-0.156,1.982,0.958,-0.034,2.114,1,3
1.4,-0.194,1.994,0.958,-0.08,2.1,1,3
1.358,-0.202,2.006,0.958,-0.126,2.086,1,3
1.326,-0.224,2.014,0.952,-0.18,2.04,1,3
1.314,-0.228,2.024,0.962,-0.204,2,1,3
1.314,-0.24,2.032,0.988,-0.23,1.942,1,3
1.338,-0.242,2.042,1.002,-0.266,1.872,1,4
1.366,-0.266,2.05,1.016,-0.302,1.802,1,4
1.39,-0.286,2.056,1.036,-0.312,1.762,1,4
1.394,-0.35,2.05,1.036,-0.308,1.69,1,4
1.372,-0.428,2.034,1.03,-0.298,1.546,1,4
1.312,-0.518,1.998,1.02,-0.28,1.424,1,4
1.224,-0.606,1.944,1.01,-0.262,1.302,1,4
1.136,-0.694,1.89,1,-0.244,1.18,1,4
0.964,-0.688,1.596,1.01,-0.24,1.09,1,4
0.818,-0.668,1.312,1.016,-0.258,1.066,1,4
0.708,-0.618,1.032,1.016,-0.28,0.96,1,4
0.62,-0.562,0.77,1.018,-0.298,0.844,1,4
0.532,-0.526,0.484,1.02,-0.316,0.728,1,4
0.536,-0.538,0.446,1.022,-0.33,0.598,1,4
0.56,-0.546,0.384,1.018,-0.326,0.492,1,4
0.598,-0.55,0.312,1.02,-0.318,0.468,1,4
0.636,-0.554,0.24,1.016,-0.304,0.446,1,4
0.674,-0.534,0.166,1.012,-0.29,0.424,1,4
0.726,-0.496,0.072,1.008,-0.28,0.416,1,4
0.72,-0.388,-0.024,1.004,-0.27,0.408,1,4
0.69,-0.294,-0.098,1,-0.26,0.4,1,4
0.66,-0.2,-0.172,0.996,-0.22,0.378,1,4
0.584,-0.148,-0.252,0.992,-0.18,0.356,1,4
0.494,-0.114,-0.312,0.988,-0.14,0.334,1,4
0.436,-0.166,-0.362,0.984,-0.094,0.308,1,4
0.384,-0.216,-0.41,0.98,-0.042,0.28,1,4
0.328,-0.276,-0.482,0.98,-0.03,0.274,1,4
0.318,-0.298,-0.522,0.978,-0.014,0.27,1,4
0.308,-0.32,-0.562,0.974,0.002,0.268,1,4
0.304,-0.372,-0.666,0.97,0.012,0.27,1,4
0.306,-0.438,-0.8,0.966,0.016,0.274,1,4
0.314,-0.508,-0.946,0.962,0.016,0.282,1,4
0.324,-0.574,-1.124,0.96,0.012,0.288,1,4
0.34,-0.648,-1.372,0.96,0.002,0.294,1,4
0.354,-0.676,-1.572,0.962,-0.014,0.302,1,4
0.364,-0.686,-1.776,0.964,-0.03,0.31,1,4
0.372,-0.682,-1.944,0.968,-0.048,0.314,1,4
0.386,-0.692,-2.108,0.976,-0.084,0.284,1,4
0.394,-0.694,-2.202,0.984,-0.114,0.252,1,4
0.394,-0.674,-2.294,0.992,-0.134,0.212,1,4
0.394,-0.646,-2.382,1,-0.154,0.172,1,4
0.394,-0.618,-2.47,1.004,-0.16,0.13,1,4
0.388,-0.562,-2.58,1.002,-0.144,0.122,1,4
0.382,-0.506,-2.69,0.998,-0.124,0.116,1,4
0.39,-0.46,-2.792,0.992,-0.106,0.12,1,4
0.414,-0.392,-2.96,0.986,-0.088,0.124,1,4
0.438,-0.324,-3.128,0.98,-0.076,0.138,1,4
0.46,-0.274,-3.246,0.976,-0.072,0.152,1,4
0.484,-0.226,-3.378,0.974,-0.072,0.164,1,4
0.506,-0.194,-3.502,0.972,-0.074,0.172,1,4
0.52,-0.204,-3.586,0.97,-0.076,0.18,1,4
0.54,-0.204,-3.712,0.974,-0.098,0.172,1,4
0.562,-0.204,-3.852,0.978,-0.116,0.164,1,4
0.582,-0.202,-3.978,0.982,-0.134,0.156,1,4
0.624,-0.19,-4.166,0.986,-0.148,0.136,1,4
0.664,-0.168,-4.308,0.99,-0.162,0.116,1,4
0.71,-0.154,-4.418,0.992,-0.154,0.1,1,4
0.764,-0.144,-4.518,0.994,-0.146,0.084,1,4
0.818,-0.134,-4.618,0.99,-0.134,0.07,1,4
0.856,-0.138,-4.648,0.986,-0.126,0.068,1,4
0.902,-0.156,-4.674,0.982,-0.118,0.066,1,4
0.936,-0.176,-4.69,0.978,-0.108,0.07,1,4
0.964,-0.198,-4.704,0.974,-0.098,0.074,1,4
0.992,-0.22,-4.718,0.976,-0.092,0.076,1,4
1.012,-0.238,-4.726,0.98,-0.09,0.08,1,4
1.016,-0.244,-4.728,0.984,-0.088,0.084,1,4
1.02,-0.25,-4.73,0.986,-0.092,0.086,1,4
1.026,-0.252,-4.732,0.988,-0.096,0.088,1,4
1.032,-0.254,-4.734,0.992,-0.09,0.094,1,4
1.038,-0.256,-4.736,0.994,-0.08,0.098,1,4
1.05,-0.262,-4.736,0.996,-0.07,0.102,1,4
1.062,-0.268,-4.736,0.996,-0.066,0.108,1,4
1.068,-0.272,-4.734,0.996,-0.062,0.114,1,4
1.08,-0.276,-4.73,0.994,-0.068,0.116,1,4
1.098,-0.286,-4.722,0.996,-0.066,0.12,1,4
1.114,-0.292,-4.712,0.998,-0.064,0.124,1,4
1.136,-0.3,-4.694,0.998,-0.046,0.128,1,4
1.158,-0.308,-4.676,0.998,-0.028,0.132,1,4
1.196,-0.32,-4.65,0.998,-0.01,0.136,1,4
1.234,-0.328,-4.624,0.994,0,0.138,1,4
1.278,-0.336,-4.596,0.99,0.018,0.144,1,4
1.32,-0.336,-4.57,0.986,0.032,0.156,1,4
1.368,-0.332,-4.532,0.976,0.078,0.274,1,4
1.398,-0.318,-4.488,0.966,0.124,0.392,1,4
1.428,-0.3,-4.424,0.956,0.17,0.53,1,4
1.454,-0.286,-4.34,0.946,0.208,0.664,1,4
1.478,-0.284,-4.23,0.94,0.24,0.79,1,4
1.502,-0.306,-4.07,0.942,0.234,0.848,1,4
1.522,-0.334,-3.926,0.96,0.22,0.936,1,4
1.536,-0.364,-3.806,0.986,0.184,1.008,1,4
1.544,-0.404,-3.68,1.002,0.188,1.096,1,4
1.502,-0.392,-3.136,1.018,0.192,1.184,1,4
1.454,-0.36,-2.654,1.03,0.174,1.238,1,4
1.396,-0.326,-2.118,1.03,0.198,1.278,1,4
1.338,-0.292,-1.582,1.016,0.246,1.336,1,4
1.268,-0.244,-1.022,1.012,0.254,1.378,1,4
1.246,-0.242,-0.912,1.016,0.216,1.564,1,4
1.224,-0.24,-0.802,1.022,0.206,1.746,1,4
1.206,-0.25,-0.39,1.024,0.162,1.912,1,4
1.158,-0.21,0.0720000000000001,1.032,0.116,2.056,1,4
1.01,-0.248,0.478,1.048,0.07,2.212,1,4
0.862,-0.286,0.884,1.056,0.07,2.224,1,4
0.76,-0.176,1.284,1.078,0.06,2.248,1,4
0.664,-0.056,1.328,1.148,0.018,2.26,1,4
0.598,0.014,1.322,1.218,-0.024,2.272,1,0
0.724,0.172,1.294,1.276,-0.038,2.276,1,0
0.922,0.394,1.248,1.334,-0.052,2.28,1,0
1.058,0.526,1.202,1.378,-0.056,2.272,1,0
1.194,0.658,1.156,1.38,-0.05,2.27,1,0
1.33,0.79,1.11,1.382,-0.044,2.268,1,0
1.314,0.93,1.154,1.388,-0.066,2.262,1,0
1.232,0.862,1.286,1.388,-0.066,2.258,1,0
1.166,0.736,1.424,1.392,-0.03,2.288,1,0
1.1,0.61,1.562,1.39,0.028,2.324,1,0
1.024,0.424,1.706,1.388,0.09,2.368,1,0
1.152,0.062,1.824,1.386,0.152,2.412,1,0
1.274,-0.156,1.872,1.392,0.2,2.476,1,0
1.346,-0.372,1.994,1.394,0.212,2.506,1,0
1.418,-0.588,2.116,1.41,0.216,2.552,1,0
1.482,-0.728,2.254,1.426,0.216,2.59,1,0
1.384,-0.678,2.372,1.442,0.216,2.628,1,0
1.286,-0.628,2.49,1.466,0.208,2.65,1,0
1.238,-0.58,2.534,1.49,0.2,2.672,1,0
1.19,-0.532,2.578,1.5,0.2,2.678,1,0
1.16,-0.5,2.6,1.52,0.2,2.692,1,0
1.11,-0.408,2.642,1.54,0.2,2.706,1,0
1.06,-0.316,2.684,1.578,0.186,2.73,1,0
0.984,-0.22,2.742,1.632,0.166,2.76,1,0
0.908,-0.124,2.8,1.688,0.118,2.79,1,0
0.84,-0.016,2.846,1.734,0.07,2.812,1,0
0.824,-0.01,2.818,1.768,0.028,2.83,1,0
0.808,-0.004,2.79,1.76,-0.034,2.822,1,0
0.824,-0.002,2.71,1.742,-0.098,2.796,1,0
0.84,0,2.63,1.73,-0.152,2.75,1,0
0.848,-0.01,2.562,1.718,-0.206,2.704,1,0
0.852,-0.02,2.488,1.718,-0.266,2.662,1,0
0.856,-0.03,2.414,1.746,-0.304,2.604,1,0
0.854,-0.04,2.376,1.768,-0.334,2.558,1,0
0.852,-0.05,2.338,1.782,-0.346,2.532,1,1
0.852,-0.076,2.262,1.796,-0.358,2.506,1,1
0.854,-0.092,2.224,1.824,-0.366,2.458,1,1
0.856,-0.108,2.186,1.838,-0.362,2.436,1,1
0.858,-0.124,2.148,1.852,-0.358,2.414,1,1
0.86,-0.14,2.11,1.866,-0.354,2.392,1,1
0.856,-0.138,2.076,1.884,-0.352,2.342,1,1
0.852,-0.136,2.042,1.888,-0.354,2.314,1,1
0.848,-0.154,1.978,1.894,-0.356,2.258,1,1
0.844,-0.172,1.914,1.9,-0.358,2.202,1,1
0.84,-0.19,1.85,1.906,-0.36,2.146,1,1
0.844,-0.226,1.794,1.88,-0.378,2.09,1,1
0.848,-0.262,1.738,1.854,-0.396,2.034,1,1
0.852,-0.278,1.712,1.826,-0.414,2.006,1,1
0.866,-0.316,1.662,1.768,-0.428,1.95,1,1
0.88,-0.354,1.612,1.71,-0.442,1.894,1,1
0.89,-0.376,1.588,1.68,-0.438,1.866,1,1
0.9,-0.398,1.564,1.608,-0.448,1.804,1,1
0.912,-0.434,1.516,1.536,-0.458,1.742,1,1
0.914,-0.448,1.492,1.494,-0.472,1.708,1,1
0.924,-0.47,1.444,1.452,-0.486,1.674,1,1
0.934,-0.492,1.396,1.32,-0.502,1.562,1,1
0.952,-0.514,1.328,1.2,-0.494,1.442,1,1
0.972,-0.498,1.254,1.014,-0.484,1.284,1,1
0.992,-0.482,1.18,0.742,-0.518,1.062,1,1
1.004,-0.458,1.13,0.47,-0.552,0.84,1,1
1.016,-0.414,1.08,0.288,-0.584,0.696,1,1
1.02,-0.37,1.05,0.094,-0.56,0.564,1,1
1.02,-0.35,1.05,-0.034,-0.538,0.47,1,1
1.02,-0.33,1.05,-0.076,-0.472,0.44,1,1
1.02,-0.31,1.05,-0.136,-0.392,0.39,1,1
1.02,-0.304,1.054,-0.192,-0.33,0.316,1,1
1.02,-0.298,1.058,-0.206,-0.334,0.272,1,1
1.018,-0.282,1.066,-0.166,-0.34,0.2,1,1
1.014,-0.248,1.064,-0.126,-0.346,0.128,1,1
1.01,-0.214,1.062,-0.068,-0.366,0.076,1,1
1.002,-0.206,1.02,0.046,-0.4,0.016,1,1
0.994,-0.198,0.978,0.16,-0.434,-0.044,1,1
0.988,-0.2,0.932,0.268,-0.472,-0.082,1,1
0.984,-0.22,0.896,0.418,-0.534,-0.146,1,1
0.978,-0.254,0.838,0.568,-0.596,-0.21,1,1
0.976,-0.268,0.816,0.664,-0.594,-0.254,1,1
0.974,-0.282,0.794,0.76,-0.592,-0.298,1,1
0.972,-0.296,0.772,0.808,-0.584,-0.336,1,1
0.972,-0.32,0.738,0.814,-0.552,-0.348,1,1
0.972,-0.332,0.712,0.808,-0.496,-0.37,1,1
0.972,-0.344,0.674,0.796,-0.472,-0.38,1,1
0.972,-0.356,0.636,0.736,-0.344,-0.438,1,1
0.972,-0.368,0.598,0.66,-0.22,-0.51,1,1
0.97,-0.364,0.562,0.584,-0.096,-0.582,1,1
0.972,-0.32,0.52,0.52,0.004,-0.644,1,1
0.976,-0.26,0.504,0.446,0.11,-0.722,1,1
0.978,-0.202,0.494,0.402,0.106,-0.768,1,1
0.98,-0.144,0.484,0.366,0.11,-0.856,1,1
0.982,-0.092,0.484,0.34,-0.014,-1.136,1,1
0.984,-0.098,0.498,0.314,-0.138,-1.416,1,1
0.984,-0.12,0.498,0.332,-0.248,-1.922,1,1
0.986,-0.14,0.492,0.368,-0.352,-2.412,1,1
0.988,-0.16,0.486,0.412,-0.46,-2.846,1,1
0.988,-0.182,0.484,0.444,-0.442,-3.12,1,1
0.986,-0.19,0.488,0.476,-0.424,-3.394,1,1
0.986,-0.202,0.492,0.474,-0.416,-3.456,1,1
0.984,-0.212,0.498,0.474,-0.4,-3.55,1,1
0.982,-0.222,0.504,0.474,-0.384,-3.644,1,1
0.982,-0.23,0.506,0.476,-0.37,-3.736,1,1
0.98,-0.238,0.506,0.48,-0.344,-3.854,1,1
0.976,-0.242,0.506,0.484,-0.326,-3.966,1,1
0.98,-0.222,0.492,0.49,-0.31,-4.142,1,1
0.984,-0.202,0.478,0.496,-0.294,-4.318,1,1
0.99,-0.184,0.468,0.502,-0.274,-4.464,1,1
0.998,-0.16,0.46,0.508,-0.262,-4.604,1,1
1.006,-0.136,0.452,0.514,-0.252,-4.72,1,1
1.008,-0.136,0.46,0.518,-0.248,-4.758,1,1
1.01,-0.134,0.47,0.522,-0.244,-4.796,1,1
1.01,-0.13,0.476,0.532,-0.234,-4.862,1,1
1.01,-0.126,0.482,0.544,-0.232,-4.92,1,1
1.01,-0.128,0.49,0.556,-0.23,-4.978,1,1
1.01,-0.134,0.494,0.584,-0.218,-5.056,1,1
1.008,-0.144,0.496,0.624,-0.196,-5.162,1,1
1.002,-0.158,0.494,0.668,-0.176,-5.256,1,1
0.996,-0.172,0.492,0.728,-0.14,-5.372,1,1
0.996,-0.194,0.478,0.788,-0.104,-5.488,1,1
0.996,-0.214,0.464,0.83,-0.078,-5.566,1,1
1,-0.23,0.45,0.866,-0.042,-5.62,1,1
1.008,-0.242,0.44,0.908,-0.026,-5.672,1,1
1.014,-0.244,0.434,0.992,-0.018,-5.73,1,1
1.016,-0.224,0.442,1.092,-0.008,-5.79,1,1
1.018,-0.204,0.45,1.206,0.004,-5.848,1,1
1.018,-0.186,0.458,1.386,-0.008,-5.884,1,1
1.018,-0.168,0.466,1.55,-0.004,-5.906,1,1
1.018,-0.152,0.478,1.674,-0.004,-5.862,1,1
1.016,-0.144,0.486,1.782,-0.006,-5.816,1,1
1.014,-0.134,0.502,1.874,-0.004,-5.73,1,1
1.012,-0.124,0.518,1.892,0.006,-5.63,1,1
1.018,-0.058,0.62,1.91,0.016,-5.53,1,1
1.026,0.012,0.748,1.906,0.026,-5.456,1,1
1.034,0.082,0.876,1.906,0.032,-5.348,1,1
1.052,0.15,1.014,1.902,0.034,-5.238,1,1
1.07,0.218,1.152,1.764,-0.014,-4.562,1,1
1.08,0.23,1.204,1.626,-0.062,-3.886,1,1
1.09,0.194,1.308,1.488,-0.11,-3.21,1,1
1.1,0.158,1.412,1.346,-0.154,-2.568,1,1
1.1,0.122,1.498,1.158,-0.224,-1.876,1,1
1.1,0.086,1.584,1.016,-0.28,-1.58,1,1
1.104,0.028,1.702,0.874,-0.336,-1.284,1,1
1.108,0.006,1.734,0.666,-0.472,-0.67,1,1
1.146,-0.046,1.782,0.524,-0.692,0.162,1,2
1.178,-0.092,1.828,0.44,-0.756,0.876,1,2
1.21,-0.138,1.874,0.566,-0.638,1.368,1,2
1.246,-0.154,1.89,0.76,-0.426,1.862,1,2
1.288,-0.168,1.906,1.02,-0.134,2.038,1,3
1.308,-0.138,1.916,1.214,0.242,1.996,1,3
1.334,-0.114,1.928,1.308,0.694,2.064,1,3
1.358,-0.07,1.992,1.282,0.996,2.152,1,3
1.374,-0.034,2.054,1.198,1.116,2.258,1,3
1.382,1.38777878078145e-18,2.13,1.114,1.236,2.364,1,3
1.378,0.02,2.196,1.024,1.326,2.492,1,3
1.374,0.04,2.262,1.016,1.094,2.52,1,3
1.372,0.04,2.276,1.008,0.862,2.548,1,3
1.37,0.03,2.298,0.99,0.718,2.556,1,3
1.376,0.026,2.32,0.984,0.554,2.546,1,3
1.386,0.022,2.346,0.984,0.42,2.514,1,3
1.402,0.024,2.374,1.002,0.382,2.482,1,3
1.426,0.034,2.404,1.02,0.344,2.45,1,3
1.45,0.06,2.426,1.06,0.22,2.354,1,3
1.468,0.08,2.434,1.078,0.048,2.278,1,3
1.488,0.102,2.44,1.096,-0.124,2.202,1,3
1.502,0.126,2.444,1.108,-0.278,2.14,1,3
1.566,0.156,2.452,1.12,-0.432,2.078,1,3
1.63,0.18,2.46,1.126,-0.542,2.148,1,3
1.694,0.204,2.468,1.142,-0.584,2.216,1,3
1.766,0.2,2.474,1.108,-0.51,2.322,1,3
1.838,0.188,2.48,1.074,-0.436,2.428,1,3
1.852,0.162,2.48,1.048,-0.36,2.518,1,3
1.866,0.118,2.482,1.006,-0.242,2.54,1,3
1.854,0.054,2.482,0.962,-0.144,2.528,1,3
1.792,-0.02,2.474,0.968,-0.162,2.478,1,3
1.73,-0.094,2.466,0.974,-0.18,2.428,1,3
1.636,-0.174,2.44,0.984,-0.196,2.362,1,3
1.542,-0.282,2.392,1.006,-0.148,2.28,1,3
1.474,-0.37,2.346,1.012,-0.144,2.134,1,3
1.438,-0.418,2.292,1.024,-0.13,1.956,1,3
1.404,-0.474,2.202,1.036,-0.138,1.718,1,3
1.412,-0.51,2.118,1.042,-0.156,1.482,1,4
1.42,-0.5,2.054,1.032,-0.24,1.218,1,4
1.414,-0.52,1.972,1.042,-0.246,1.048,1,4
1.388,-0.56,1.89,1.052,-0.29,0.888,1,4
1.36,-0.592,1.844,1.034,-0.28,0.794,1,4
1.288,-0.636,1.794,1.024,-0.278,0.72,1,4
1.174,-0.708,1.72,1.02,-0.24,0.686,1,4
0.94,-0.67,1.508,1.014,-0.216,0.656,1,4
0.73,-0.616,1.312,0.996,-0.124,0.654,1,4
0.52,-0.562,1.116,1.006,-0.054,0.652,1,4
0.37,-0.56,0.408,0.998,0.012,0.646,1,4
0.262,-0.53,-0.276,0.988,0.044,0.644,1,4
0.286,-0.58,-0.838,0.978,0.066,0.634,1,4
0.31,-0.63,-1.4,0.974,0.048,0.608,1,4
0.334,-0.68,-1.962,0.97,0.012,0.57,1,4
0.332,-0.68,-1.996,0.966,-0.018,0.538,1,4
0.338,-0.676,-2.098,0.964,-0.052,0.502,1,4
0.346,-0.672,-2.166,0.96,-0.08,0.472,1,4
0.356,-0.664,-2.266,0.956,-0.108,0.452,1,4
0.366,-0.656,-2.366,0.954,-0.128,0.436,1,4
0.376,-0.648,-2.466,0.958,-0.134,0.426,1,4
0.378,-0.644,-2.498,0.964,-0.098,0.412,1,4
0.374,-0.604,-2.696,0.976,-0.052,0.408,1,4
0.368,-0.568,-2.862,0.986,-0.004,0.408,1,4
0.362,-0.532,-3.028,0.994,0.044,0.41,1,4
0.356,-0.494,-3.22,1,0.09,0.414,1,4
0.35,-0.456,-3.412,1.002,0.098,0.426,1,4
0.35,-0.454,-3.438,0.998,0.104,0.436,1,4
0.35,-0.452,-3.464,0.996,0.108,0.442,1,4
0.35,-0.45,-3.49,0.998,0.106,0.45,1,4
0.354,-0.442,-3.508,1,0.104,0.458,1,4
0.358,-0.434,-3.526,1.002,0.102,0.466,1,4
0.362,-0.424,-3.566,1.006,0.098,0.472,1,4
0.366,-0.414,-3.606,1.01,0.094,0.478,1,4
0.37,-0.404,-3.646,1.01,0.096,0.482,1,4
0.37,-0.402,-3.668,1.01,0.098,0.486,1,4
0.37,-0.398,-3.706,1.008,0.1,0.494,1,4
0.37,-0.396,-3.722,1.006,0.1,0.498,1,4
0.374,-0.384,-3.754,1,0.104,0.506,1,4
0.378,-0.372,-3.786,0.994,0.108,0.514,1,4
0.382,-0.36,-3.818,0.988,0.112,0.522,1,4
0.386,-0.35,-3.834,0.984,0.122,0.532,1,4
0.39,-0.338,-3.862,0.98,0.132,0.542,1,4
0.39,-0.336,-3.874,0.98,0.138,0.548,1,4
0.39,-0.334,-3.886,0.98,0.144,0.554,1,4
0.392,-0.33,-3.91,0.98,0.15,0.56,1,4
0.394,-0.326,-3.934,0.98,0.152,0.568,1,4
0.396,-0.324,-3.946,0.98,0.154,0.576,1,4
0.398,-0.322,-3.958,0.98,0.156,0.584,1,4
0.408,-0.312,-3.982,0.98,0.158,0.598,1,4
0.416,-0.304,-3.994,0.98,0.16,0.612,1,4
0.424,-0.296,-4.006,0.98,0.16,0.618,1,4
0.438,-0.28,-4.026,0.978,0.156,0.632,1,4
0.452,-0.264,-4.046,0.976,0.152,0.646,1,4
0.458,-0.256,-4.054,0.974,0.148,0.654,1,4
0.466,-0.248,-4.072,0.972,0.144,0.662,1,4
0.474,-0.24,-4.09,0.976,0.14,0.676,1,4
0.476,-0.24,-4.1,0.982,0.14,0.682,1,4
0.478,-0.24,-4.11,0.988,0.14,0.688,1,4
0.486,-0.234,-4.128,0.994,0.14,0.694,1,4
0.492,-0.228,-4.136,0.992,0.138,0.704,1,4
0.498,-0.222,-4.144,0.984,0.136,0.708,1,4
0.508,-0.212,-4.164,0.976,0.134,0.712,1,4
0.518,-0.202,-4.184,0.972,0.136,0.724,1,4
0.522,-0.198,-4.196,0.968,0.138,0.736,1,4
0.526,-0.194,-4.208,0.972,0.142,0.744,1,4
0.54,-0.186,-4.23,0.976,0.146,0.752,1,4
0.55,-0.182,-4.24,0.98,0.138,0.766,1,4
0.56,-0.178,-4.25,0.98,0.126,0.772,1,4
0.572,-0.174,-4.276,0.98,0.114,0.778,1,4
0.584,-0.17,-4.302,0.978,0.098,0.788,1,4
0.598,-0.17,-4.332,0.976,0.082,0.798,1,4
0.618,-0.168,-4.376,0.98,0.064,0.808,1,4
0.638,-0.166,-4.42,0.978,0.04,0.82,1,4
0.664,-0.162,-4.466,0.976,0.016,0.832,1,4
0.702,-0.156,-4.526,0.976,-0.004,0.84,1,4
0.728,-0.15,-4.572,0.976,-0.024,0.848,1,4
0.748,-0.146,-4.604,0.976,-0.046,0.846,1,4
0.768,-0.142,-4.636,0.982,-0.062,0.842,1,4
0.786,-0.142,-4.666,0.988,-0.078,0.838,1,4
0.792,-0.144,-4.682,0.994,-0.094,0.834,1,4
0.798,-0.146,-4.698,0.998,-0.114,0.826,1,4
0.812,-0.152,-4.728,0.998,-0.128,0.816,1,4
0.844,-0.16,-4.786,0.998,-0.142,0.806,1,4
0.87,-0.166,-4.828,1.002,-0.182,0.756,1,4
0.902,-0.176,-4.884,1.006,-0.222,0.706,1,4
0.942,-0.192,-4.954,1.014,-0.254,0.638,1,4
0.984,-0.204,-5.016,1.016,-0.264,0.57,1,4
1.016,-0.214,-5.056,1.016,-0.248,0.502,1,4
1.058,-0.224,-5.098,1.012,-0.206,0.474,1,4
1.094,-0.23,-5.126,1.006,-0.162,0.45,1,4
1.176,-0.23,-5.054,0.996,-0.112,0.452,1,4
1.248,-0.23,-4.976,0.986,-0.07,0.466,1,4
1.312,-0.23,-4.892,0.978,-0.028,0.496,1,4
1.374,-0.22,-4.788,0.974,0.028,0.536,1,4
1.444,-0.204,-4.66,0.972,0.082,0.572,1,4
1.46,-0.188,-4.618,0.972,0.126,0.604,1,4
1.484,-0.166,-4.548,0.974,0.176,0.642,1,4
1.508,-0.144,-4.478,0.972,0.206,0.676,1,4
1.524,-0.132,-4.426,0.966,0.222,0.7,1,4
1.54,-0.126,-4.366,0.96,0.238,0.724,1,4
1.556,-0.12,-4.306,0.954,0.254,0.748,1,4
1.564,-0.12,-4.274,0.946,0.268,0.776,1,4
1.572,-0.12,-4.242,0.942,0.276,0.792,1,4
1.584,-0.12,-4.174,0.938,0.284,0.808,1,4
1.588,-0.12,-4.138,0.934,0.292,0.824,1,4
1.592,-0.12,-4.102,0.93,0.3,0.84,1,4
1.596,-0.12,-4.066,0.93,0.306,0.856,1,4
1.608,-0.124,-3.992,0.93,0.312,0.872,1,4
1.616,-0.128,-3.954,0.93,0.318,0.888,1,4
1.624,-0.132,-3.916,0.932,0.328,0.922,1,4
1.642,-0.138,-3.838,0.934,0.338,0.956,1,4
1.66,-0.144,-3.76,0.936,0.342,0.974,1,4
1.67,-0.146,-3.72,0.938,0.346,0.992,1,4
1.68,-0.148,-3.68,0.938,0.348,1.028,1,4
1.69,-0.15,-3.64,0.936,0.346,1.046,1,4
1.694,-0.152,-3.596,0.934,0.344,1.064,1,4
1.698,-0.154,-3.552,0.932,0.342,1.082,1,4
1.702,-0.156,-3.508,0.93,0.34,1.1,1,4
1.706,-0.158,-3.464,0.932,0.338,1.118,1,4
1.71,-0.16,-3.42,0.934,0.336,1.136,1,4
1.71,-0.158,-3.374,0.936,0.334,1.154,1,4
1.71,-0.156,-3.328,0.938,0.332,1.172,1,4
1.71,-0.154,-3.282,0.94,0.33,1.19,1,4
1.71,-0.152,-3.236,0.942,0.328,1.206,1,4
1.71,-0.15,-3.19,0.944,0.326,1.222,1,4
1.708,-0.154,-3.142,0.946,0.324,1.238,1,4
1.706,-0.158,-3.094,0.948,0.322,1.254,1,4
1.704,-0.162,-3.046,0.952,0.32,1.29,1,4
1.7,-0.166,-2.946,0.954,0.32,1.31,1,4
1.696,-0.17,-2.846,0.956,0.32,1.33,1,4
1.694,-0.17,-2.794,0.958,0.32,1.35,1,4
1.692,-0.17,-2.742,0.964,0.32,1.39,1,4
1.68,-0.174,-2.636,0.968,0.32,1.41,1,4
1.67,-0.178,-2.582,0.972,0.32,1.43,1,4
1.66,-0.182,-2.528,0.976,0.32,1.45,1,4
1.628,-0.19,-2.36,0.98,0.316,1.492,1,4
1.596,-0.198,-2.192,0.98,0.312,1.514,1,4
1.574,-0.202,-2.078,0.974,0.286,1.614,1,4
1.498,-0.224,-1.724,0.968,0.26,1.714,1,4
1.412,-0.252,-1.31,0.962,0.234,1.814,1,4
1.348,-0.276,-1.01,0.956,0.202,1.916,1,4
1.284,-0.3,-0.71,0.95,0.152,2.038,1,4
1.22,-0.324,-0.41,0.958,0.114,2.098,1,4
1.21,-0.33,-0.35,0.972,0.07,2.168,1,4
1.254,-0.334,-0.294,0.986,0.026,2.238,1,4
1.298,-0.338,-0.238,1.004,-0.014,2.294,1,4
1.342,-0.342,-0.182,1.022,-0.036,2.33,1,4
1.5,-0.306,-0.042,1.032,-0.048,2.35,1,4
1.658,-0.27,0.098,1.036,-0.054,2.36,1,4
1.772,-0.23,0.182,1.04,-0.06,2.37,1,4
1.886,-0.132,0.342,1.04,-0.06,2.37,1,4
1.964,-0.196,0.56,1.04,-0.072,2.376,1,4
1.928,-0.3,0.694,1.098,-0.094,2.386,1,4
1.562,-0.374,0.898,1.172,-0.122,2.396,1,4
1.426,-0.392,1.074,1.246,-0.15,2.406,1,4
1.266,-0.278,1.066,1.314,-0.19,2.382,1,0
1.034,0.062,0.994,1.382,-0.218,2.352,1,0
0.802,0.402,0.922,1.392,-0.236,2.318,1,0
0.9,0.712,0.78,1.382,-0.244,2.27,1,0
0.802,0.994,0.716,1.372,-0.252,2.222,1,0
0.784,1.058,0.844,1.36,-0.222,2.194,1,0
0.894,0.85,1.034,1.35,-0.202,2.154,1,0
1.056,0.64,1.248,1.342,-0.17,2.114,1,0
1.218,0.43,1.462,1.338,-0.14,2.09,1,0
1.396,0.188,1.672,1.332,-0.11,2.06,1,0
1.518,-0.026,1.798,1.388,-0.05,2.12,1,0
1.62,-0.032,1.868,1.46,0.018,2.204,1,0
1.672,-0.054,1.946,1.53,0.074,2.288,1,0
1.708,-0.074,2.056,1.6,0.128,2.37,1,0
1.664,-0.136,2.198,1.672,0.182,2.458,1,0
1.584,-0.206,2.376,1.69,0.18,2.47,1,0
1.388,-0.332,2.482,1.708,0.176,2.482,1,0
1.19,-0.44,2.556,1.736,0.168,2.5,1,0
1.008,-0.55,2.598,1.76,0.142,2.526,1,0
0.86,-0.616,2.502,1.78,0.12,2.556,1,0
0.748,-0.682,2.308,1.8,0.098,2.586,1,0
0.806,-0.628,1.916,1.798,0.014,2.526,1,0
0.864,-0.556,1.522,1.76,-0.074,2.43,1,0
0.922,-0.432,1.136,1.706,-0.146,2.294,1,1
0.976,-0.306,0.81,1.566,-0.224,2.086,1,1
1.028,-0.114,0.574,1.234,-0.316,1.772,1,1
1.026,0.014,0.608,0.908,-0.354,1.486,1,1
1.024,0.124,0.674,0.652,-0.408,1.174,1,1
1.022,0.182,0.732,0.416,-0.46,0.894,1,1
1.02,0.24,0.79,0.332,-0.516,0.66,1,1
1.018,0.21,0.822,0.44,-0.558,0.532,1,1
1.016,0.18,0.854,0.594,-0.622,0.444,1,1
1.014,0.148,0.86,0.704,-0.662,0.412,1,1
1.012,0.116,0.866,0.816,-0.72,0.356,1,1
1.01,0.084,0.872,0.866,-0.772,0.322,1,1
1.01,0.082,0.876,0.916,-0.824,0.288,1,1
1.004,0.044,0.878,0.918,-0.842,0.264,1,1
0.998,0.008,0.876,0.92,-0.856,0.22,1,1
0.992,-0.028,0.874,0.92,-0.852,0.2,1,1
0.986,-0.064,0.872,0.92,-0.848,0.18,1,1
0.984,-0.11,0.866,0.92,-0.844,0.16,1,1
0.988,-0.12,0.862,0.92,-0.84,0.14,1,1
0.992,-0.13,0.858,0.918,-0.798,0.122,1,1
0.996,-0.14,0.854,0.916,-0.756,0.104,1,1
1,-0.164,0.846,0.898,-0.672,0.07,1,1
1,-0.178,0.842,0.88,-0.588,0.036,1,1
1,-0.192,0.838,0.862,-0.504,0.002,1,1
1,-0.206,0.834,0.846,-0.462,-0.014,1,1
1,-0.22,0.83,0.814,-0.39,-0.04,1,1
0.998,-0.224,0.822,0.798,-0.36,-0.05,1,1
0.996,-0.228,0.814,0.782,-0.33,-0.06,1,1
0.998,-0.232,0.8,0.75,-0.272,-0.08,1,1
1,-0.236,0.786,0.698,-0.21,-0.114,1,1
1.002,-0.24,0.772,0.662,-0.178,-0.138,1,1
1.004,-0.236,0.76,0.604,-0.152,-0.178,1,1
1.004,-0.234,0.744,0.546,-0.126,-0.218,1,1
1,-0.232,0.734,0.502,-0.088,-0.262,1,1
0.996,-0.222,0.718,0.478,-0.054,-0.292,1,1
0.992,-0.212,0.702,0.454,-0.02,-0.322,1,1
0.99,-0.198,0.69,0.452,0.02,-0.336,1,1
0.99,-0.182,0.682,0.436,0.056,-0.37,1,1
0.99,-0.166,0.674,0.422,0.052,-0.39,1,1
0.992,-0.148,0.67,0.408,0.048,-0.41,1,1
0.994,-0.13,0.666,0.378,0.074,-0.47,1,1
0.998,-0.114,0.664,0.33,0.082,-0.552,1,1
1.002,-0.098,0.662,0.3,0.094,-0.634,1,1
1.006,-0.066,0.662,0.27,0.096,-0.738,1,1
1.004,-0.036,0.674,0.24,0.098,-0.842,1,1
1.002,-0.006,0.686,0.224,0.012,-0.988,1,1
0.996,0.008,0.7,0.226,-0.056,-1.112,1,1
0.992,-0.018,0.73,0.238,-0.156,-1.276,1,1
0.988,-0.06,0.758,0.25,-0.246,-1.418,1,1
0.988,-0.11,0.776,0.26,-0.356,-1.6,1,1
0.99,-0.15,0.794,0.294,-0.404,-1.774,1,1
0.994,-0.18,0.81,0.342,-0.42,-2.392,1,1
0.992,-0.17,0.808,0.376,-0.404,-2.95,1,1
0.99,-0.154,0.804,0.412,-0.388,-3.532,1,1
0.99,-0.142,0.8,0.45,-0.352,-4.074,1,1
0.988,-0.14,0.796,0.466,-0.318,-4.562,1,1
0.988,-0.138,0.792,0.468,-0.316,-4.606,1,1
0.992,-0.136,0.79,0.472,-0.31,-4.668,1,1
0.996,-0.152,0.766,0.474,-0.304,-4.706,1,1
0.996,-0.162,0.74,0.478,-0.294,-4.76,1,1
0.996,-0.172,0.714,0.482,-0.282,-4.804,1,1
0.996,-0.18,0.68,0.514,-0.27,-4.946,1,1
1,-0.176,0.654,0.55,-0.256,-5.088,1,1
1.004,-0.16,0.652,0.586,-0.242,-5.23,1,1
1.008,-0.146,0.658,0.718,-0.19,-5.478,1,1
1.012,-0.132,0.664,0.862,-0.146,-5.726,1,1
1.014,-0.13,0.686,0.978,-0.102,-5.876,1,1
1.018,-0.144,0.706,1.104,-0.066,-6.016,1,1
1.014,-0.156,0.732,1.23,-0.03,-6.156,1,1
1.018,-0.178,0.754,1.258,-0.036,-6.174,1,1
1.022,-0.2,0.776,1.282,-0.04,-6.182,1,1
1.022,-0.216,0.78,1.306,-0.044,-6.19,1,1
1.008,-0.224,0.776,1.314,-0.046,-6.19,1,1
1.006,-0.236,0.764,1.322,-0.048,-6.19,1,1
0.998,-0.238,0.75,1.346,-0.048,-6.186,1,1
0.992,-0.236,0.738,1.362,-0.046,-6.182,1,1
0.99,-0.23,0.736,1.402,-0.058,-6.168,1,1
1,-0.214,0.738,1.442,-0.07,-6.154,1,1
1.012,-0.144,0.792,1.538,-0.114,-5.888,1,1
1.03,-0.066,0.878,1.618,-0.16,-5.626,1,1
1.046,0.008,0.962,1.584,-0.238,-4.9,1,1
1.062,0.092,1.064,1.462,-0.328,-4.002,1,2
1.082,0.162,1.202,1.34,-0.418,-3.104,1,2
1.096,0.18,1.29,1.174,-0.492,-2.274,1,2
1.108,0.18,1.364,1.008,-0.566,-1.444,1,2
1.12,0.18,1.438,1.114,-0.588,-0.964,1,2
1.154,0.158,1.534,1.294,-0.558,-0.546,1,2
1.174,0.124,1.61,1.474,-0.528,-0.128,1,2
1.184,0.072,1.712,1.642,-0.482,0.106,1,2
1.19,0.03,1.796,1.81,-0.436,0.34,1,2
1.196,-0.012,1.888,1.824,-0.384,0.644,1,2
1.182,-0.048,1.946,1.836,-0.242,0.812,1,2
1.184,-0.072,1.988,1.848,-0.1,0.98,1,3
1.196,-0.078,2.004,1.774,0.13,1.156,1,3
1.214,-0.086,2.024,1.59,0.428,1.364,1,3
1.242,-0.088,2.038,1.476,0.818,1.55,1,3
1.268,-0.084,2.046,1.35,0.982,1.782,1,3
1.292,-0.076,2.064,1.224,1.146,2.014,1,3
1.32,-0.066,2.088,1.166,1.164,2.266,1,3
1.348,-0.048,2.134,1.222,1.04,2.482,1,3
1.36,-0.034,2.188,1.222,0.754,2.516,1,3
1.368,-0.024,2.252,1.146,0.476,2.512,1,3
1.368,-0.018,2.304,1.07,0.198,2.508,1,3
1.366,-0.022,2.372,1.012,-0.022,2.476,1,3
1.358,-0.032,2.414,0.986,-0.16,2.47,1,3
1.356,-0.044,2.446,0.948,-0.424,2.506,1,3
1.364,-0.054,2.47,1.008,-0.58,2.538,1,3
1.378,-0.066,2.49,1.068,-0.736,2.57,1,3
1.39,-0.07,2.488,1.128,-0.892,2.602,1,3
1.408,-0.066,2.482,1.136,-0.996,2.584,1,3
1.426,-0.062,2.476,1.138,-0.93,2.544,1,3
1.446,-0.036,2.46,1.122,-0.87,2.516,1,3
1.464,-0.01,2.446,1.09,-0.724,2.424,1,3
1.482,0.024,2.428,1.05,-0.578,2.294,1,3
1.494,0.05,2.414,1.024,-0.474,2.172,1,3
1.506,0.076,2.4,0.998,-0.37,2.05,1,3
1.514,0.096,2.39,0.972,-0.266,1.928,1,3
1.534,0.128,2.382,0.992,-0.204,1.84,1,3
1.592,0.138,2.378,1.02,-0.142,1.79,1,3
1.664,0.11,2.37,1.03,-0.072,1.652,1,3
1.722,0.066,2.358,1.046,-0.022,1.488,1,3
1.69,-0.034,2.316,1.044,-0.004,1.252,1,3
1.628,-0.162,2.238,1.012,-0.03,1.046,1,3
1.556,-0.304,2.104,0.992,-0.074,0.836,1,3
1.228,-0.444,1.792,0.986,-0.096,0.724,1,3
0.914,-0.568,1.484,0.974,-0.09,0.638,1,4
0.714,-0.592,1.194,0.98,-0.052,0.624,1,4
0.484,-0.634,0.556,0.986,-0.014,0.614,1,4
0.226,-0.648,-0.026,0.984,0.042,0.606,1,4
0.214,-0.632,-0.464,0.988,0.05,0.608,1,4
0.202,-0.616,-0.902,0.988,0.048,0.608,1,4
0.162,-0.658,-1.324,0.988,0.046,0.606,1,4
0.17,-0.66,-1.4,0.99,0.042,0.594,1,4
0.188,-0.674,-1.514,0.99,0.032,0.578,1,4
0.202,-0.682,-1.59,0.99,0.022,0.562,1,4
0.216,-0.69,-1.666,0.996,0.018,0.54,1,4
0.23,-0.684,-1.78,1,0.014,0.516,1,4
0.24,-0.682,-1.856,1,0.01,0.492,1,4
0.24,-0.668,-1.894,0.998,0.018,0.468,1,4
0.24,-0.654,-1.932,0.994,0.014,0.438,1,4
0.244,-0.628,-2.006,0.988,0.006,0.416,1,4
0.25,-0.62,-2.076,0.984,-0.002,0.398,1,4
0.256,-0.612,-2.146,0.98,-0.01,0.384,1,4
0.27,-0.598,-2.25,0.976,-0.024,0.376,1,4
0.282,-0.582,-2.388,0.974,-0.026,0.374,1,4
0.29,-0.578,-2.49,0.974,-0.026,0.37,1,4
0.308,-0.578,-2.588,0.974,-0.026,0.366,1,4
0.326,-0.578,-2.686,0.976,-0.024,0.364,1,4
0.336,-0.584,-2.75,0.978,-0.022,0.362,1,4
0.344,-0.574,-2.81,0.978,-0.022,0.358,1,4
0.352,-0.564,-2.87,0.976,-0.024,0.356,1,4
0.348,-0.546,-2.9,0.974,-0.026,0.354,1,4
0.344,-0.528,-2.93,0.972,-0.026,0.352,1,4
0.348,-0.5,-2.986,0.97,-0.026,0.35,1,4
0.356,-0.49,-3.012,0.97,-0.024,0.35,1,4
0.364,-0.48,-3.038,0.97,-0.022,0.35,1,4
0.372,-0.47,-3.064,0.97,-0.018,0.354,1,4
0.378,-0.452,-3.116,0.97,-0.016,0.358,1,4
0.376,-0.444,-3.142,0.97,-0.014,0.362,1,4
0.374,-0.436,-3.168,0.97,-0.012,0.366,1,4
0.372,-0.428,-3.194,0.97,-0.01,0.376,1,4
0.374,-0.41,-3.242,0.97,-0.01,0.382,1,4
0.378,-0.4,-3.264,0.97,-0.01,0.388,1,4
0.384,-0.38,-3.306,0.97,-0.012,0.398,1,4
0.39,-0.36,-3.348,0.97,-0.014,0.408,1,4
0.396,-0.34,-3.39,0.97,-0.016,0.412,1,4
0.398,-0.326,-3.428,0.97,-0.018,0.416,1,4
0.4,-0.312,-3.466,0.974,-0.016,0.426,1,4
0.4,-0.308,-3.484,0.978,-0.012,0.432,1,4
0.404,-0.296,-3.518,0.982,-0.008,0.438,1,4
0.408,-0.284,-3.552,0.986,-0.004,0.45,1,4
0.412,-0.276,-3.568,0.99,0,0.462,1,4
0.416,-0.268,-3.584,0.99,0,0.468,1,4
0.42,-0.26,-3.6,0.992,0,0.476,1,4
0.422,-0.252,-3.614,0.994,0,0.484,1,4
0.424,-0.244,-3.628,0.996,0,0.486,1,4
0.426,-0.236,-3.642,1,0.004,0.49,1,4
0.428,-0.226,-3.668,1.004,0.008,0.494,1,4
0.43,-0.216,-3.694,1.006,0.012,0.496,1,4
0.43,-0.214,-3.706,1.006,0.014,0.496,1,4
0.43,-0.21,-3.73,1.006,0.016,0.496,1,4
0.43,-0.206,-3.754,1.004,0.014,0.494,1,4
0.43,-0.204,-3.766,1.002,0.012,0.492,1,4
0.43,-0.202,-3.778,1.002,0.012,0.488,1,4
0.432,-0.202,-3.8,1.004,0.014,0.486,1,4
0.434,-0.204,-3.81,1.006,0.016,0.484,1,4
0.436,-0.206,-3.82,1.01,0.018,0.478,1,4
0.442,-0.208,-3.84,1.014,0.02,0.472,1,4
0.448,-0.21,-3.86,1.016,0.02,0.468,1,4
0.454,-0.208,-3.88,1.018,0.02,0.464,1,4
0.46,-0.206,-3.9,1.016,0.022,0.456,1,4
0.466,-0.204,-3.92,1.012,0.024,0.452,1,4
0.468,-0.202,-3.93,1.01,0.026,0.446,1,4
0.478,-0.202,-3.95,1.008,0.028,0.44,1,4
0.486,-0.204,-3.96,1.006,0.03,0.434,1,4
0.494,-0.206,-3.97,1.008,0.03,0.432,1,4
0.506,-0.206,-3.992,1.01,0.03,0.43,1,4
0.518,-0.206,-4.014,1.01,0.022,0.426,1,4
0.522,-0.204,-4.026,1.01,0.014,0.422,1,4
0.53,-0.202,-4.046,1.01,0.006,0.418,1,4
0.538,-0.2,-4.066,1.008,0.004,0.414,1,4
0.542,-0.2,-4.074,1.004,-0.002,0.408,1,4
0.546,-0.2,-4.082,1,0,0.406,1,4
0.55,-0.2,-4.09,1,-0.002,0.402,1,4
0.558,-0.194,-4.1,1.002,-0.006,0.394,1,4
0.574,-0.188,-4.124,1.006,-0.016,0.386,1,4
0.648,-0.17,-4.25,1.008,-0.022,0.374,1,4
0.732,-0.156,-4.388,1.008,-0.022,0.374,1,4
0.816,-0.142,-4.526,1.004,-0.018,0.376,1,4
0.926,-0.132,-4.674,1,-0.014,0.382,1,4
1.038,-0.126,-4.808,0.996,0.004,0.4,1,4
1.102,-0.138,-4.838,0.992,0.024,0.428,1,4
1.156,-0.146,-4.856,0.99,0.042,0.45,1,4
1.218,-0.16,-4.87,0.988,0.06,0.472,1,4
1.256,-0.178,-4.86,0.984,0.08,0.494,1,4
1.29,-0.2,-4.844,0.982,0.086,0.51,1,4
1.314,-0.216,-4.83,0.984,0.092,0.528,1,4
1.342,-0.234,-4.81,0.986,0.094,0.54,1,4
1.366,-0.246,-4.788,0.986,0.1,0.566,1,4
1.38,-0.256,-4.77,0.986,0.106,0.592,1,4
1.402,-0.256,-4.75,0.982,0.118,0.642,1,4
1.428,-0.252,-4.72,0.974,0.136,0.7,1,4
1.472,-0.226,-4.644,0.966,0.154,0.758,1,4
1.518,-0.186,-4.49,0.958,0.162,0.816,1,4
1.562,-0.158,-4.3,0.954,0.186,0.958,1,4
1.594,-0.13,-4.08,0.952,0.204,1.07,1,4
1.618,-0.12,-3.788,0.956,0.22,1.218,1,4
1.62,-0.13,-3.548,0.964,0.234,1.396,1,4
1.616,-0.154,-3.392,0.978,0.24,1.622,1,4
1.608,-0.176,-3.23,0.99,0.218,1.778,1,4
1.544,-0.228,-2.836,1.006,0.182,1.954,1,4
1.466,-0.278,-2.42,1.02,0.14,2.08,1,4
1.374,-0.336,-1.896,1.026,0.076,2.188,1,4
1.282,-0.394,-1.372,1.128,-0.032,2.218,1,4
1.192,-0.442,-0.836,1.228,-0.128,2.234,1,4
1.33,-0.344,-0.39,1.324,-0.21,2.23,1,4
1.486,-0.234,-0.048,1.394,-0.29,2.196,1,4
1.364,-0.262,0.364,1.448,-0.334,2.144,1,4
1.442,-0.162,0.72,1.402,-0.31,2.098,1,4
1.484,0.042,0.98,1.35,-0.278,2.046,1,0
1.272,0.162,1.054,1.308,-0.218,1.99,1,0
1.06,0.282,1.128,1.282,-0.138,1.968,1,0
1.102,0.576,1.034,1.276,-0.07,1.952,1,0
1.006,0.77,1.048,1.27,-0.012,1.946,1,0
0.964,0.858,1.138,1.268,0.064,1.974,1,0
1.002,0.912,1.234,1.256,0.112,2.006,1,0
1.026,0.948,1.356,1.264,0.138,2.054,1,0
1.076,0.882,1.484,1.272,0.164,2.102,1,0
1.118,0.684,1.578,1.28,0.19,2.15,1,0
1.19,0.474,1.676,1.312,0.186,2.202,1,0
1.266,0.24,1.818,1.348,0.176,2.27,1,0
1.348,0.00600000000000001,1.962,1.444,0.13,2.356,1,0
1.416,-0.162,2.114,1.54,0.084,2.442,1,0
1.4,-0.24,2.274,1.636,0.038,2.528,1,0
1.34,-0.304,2.396,1.712,-0.028,2.576,1,0
1.266,-0.342,2.496,1.784,-0.088,2.608,1,0
1.2,-0.372,2.586,1.786,-0.112,2.602,1,0
1.16,-0.394,2.652,1.788,-0.14,2.586,1,0
1.124,-0.358,2.72,1.79,-0.168,2.57,1,0
1.054,-0.368,2.658,1.79,-0.172,2.56,1,1
1.026,-0.366,2.272,1.804,-0.182,2.524,1,1
0.998,-0.354,1.868,1.818,-0.196,2.47,1,1
0.97,-0.342,1.464,1.76,-0.234,2.356,1,1
0.968,-0.354,1.03,1.678,-0.278,2.212,1,1
1.004,-0.226,0.752,1.31,-0.306,1.878,1,1
1.008,-0.112,0.776,0.942,-0.348,1.552,1,1
1.012,0.00399999999999999,0.81,0.612,-0.368,1.23,1,1
1.016,0.12,0.844,0.372,-0.372,0.966,1,1
1.016,0.206,0.882,0.156,-0.37,0.732,1,1
1.012,0.198,0.894,0.226,-0.384,0.688,1,1
1.008,0.19,0.906,0.278,-0.392,0.646,1,1
1.004,0.18,0.908,0.292,-0.418,0.618,1,1
1,0.162,0.912,0.288,-0.432,0.602,1,1
1,0.154,0.914,0.296,-0.46,0.574,1,1
1,0.146,0.916,0.304,-0.488,0.546,1,1
1,0.138,0.918,0.316,-0.502,0.534,1,1
0.996,0.108,0.92,0.328,-0.516,0.522,1,1
0.992,0.086,0.92,0.368,-0.538,0.504,1,1
0.988,0.064,0.92,0.396,-0.546,0.498,1,1
0.986,0.028,0.918,0.424,-0.554,0.492,1,1
0.984,-0.008,0.916,0.496,-0.584,0.478,1,1
0.986,-0.022,0.914,0.568,-0.614,0.464,1,1
0.988,-0.036,0.912,0.618,-0.654,0.44,1,1
0.99,-0.072,0.906,0.668,-0.694,0.416,1,1
0.99,-0.094,0.902,0.728,-0.72,0.374,1,1
0.99,-0.116,0.898,0.744,-0.724,0.34,1,1
0.986,-0.152,0.886,0.76,-0.728,0.306,1,1
0.984,-0.196,0.868,0.77,-0.714,0.288,1,1
0.982,-0.218,0.854,0.78,-0.7,0.27,1,1
0.98,-0.24,0.84,0.784,-0.666,0.256,1,1
0.978,-0.262,0.826,0.788,-0.632,0.242,1,1
0.98,-0.282,0.812,0.782,-0.58,0.212,1,1
0.98,-0.294,0.804,0.776,-0.528,0.182,1,1
0.98,-0.306,0.796,0.758,-0.438,0.14,1,1
0.98,-0.318,0.78,0.736,-0.382,0.112,1,1
0.98,-0.33,0.764,0.714,-0.326,0.084,1,1
0.98,-0.33,0.756,0.702,-0.288,0.072,1,1
0.98,-0.334,0.74,0.69,-0.25,0.06,1,1
0.98,-0.338,0.724,0.674,-0.236,0.052,1,1
0.98,-0.342,0.716,0.658,-0.222,0.044,1,1
0.978,-0.346,0.696,0.636,-0.18,0.022,1,1
0.976,-0.35,0.676,0.614,-0.138,-0,1,1
0.974,-0.35,0.664,0.582,-0.084,-0.036,1,1
0.972,-0.35,0.652,0.566,-0.044,-0.064,1,1
0.972,-0.35,0.63,0.55,-0.004,-0.092,1,1
0.974,-0.35,0.62,0.54,0.008,-0.106,1,1
0.978,-0.344,0.598,0.53,0.02,-0.12,1,1
0.982,-0.338,0.576,0.52,0.036,-0.138,1,1
0.986,-0.332,0.554,0.51,0.052,-0.156,1,1
0.986,-0.32,0.532,0.486,0.07,-0.192,1,1
0.986,-0.308,0.51,0.462,0.088,-0.228,1,1
0.984,-0.302,0.5,0.438,0.106,-0.264,1,1
0.982,-0.296,0.49,0.412,0.114,-0.304,1,1
0.982,-0.278,0.472,0.386,0.122,-0.344,1,1
0.984,-0.266,0.464,0.374,0.128,-0.366,1,1
0.986,-0.254,0.456,0.36,0.156,-0.406,1,1
0.988,-0.236,0.444,0.346,0.184,-0.446,1,1
0.99,-0.218,0.432,0.344,0.206,-0.464,1,1
0.99,-0.212,0.428,0.342,0.228,-0.482,1,1
0.988,-0.196,0.422,0.34,0.25,-0.5,1,1
0.986,-0.18,0.416,0.34,0.25,-0.5,1,1
0.984,-0.17,0.414,0.316,0.212,-0.556,1,1
0.982,-0.154,0.41,0.282,0.138,-0.636,1,1
0.98,-0.138,0.406,0.242,0.044,-0.742,1,1
0.98,-0.128,0.406,0.216,-0.042,-0.868,1,1
0.978,-0.114,0.408,0.196,-0.148,-1.018,1,1
0.98,-0.098,0.41,0.2,-0.216,-1.112,1,1
0.982,-0.09,0.414,0.234,-0.29,-1.282,1,1
0.984,-0.08,0.42,0.278,-0.358,-1.466,1,1
0.986,-0.074,0.428,0.32,-0.428,-1.702,1,1
0.988,-0.078,0.442,0.368,-0.474,-2.018,1,1
0.99,-0.088,0.46,0.424,-0.504,-2.424,1,1
0.994,-0.092,0.48,0.468,-0.48,-2.902,1,1
0.994,-0.09,0.512,0.508,-0.442,-3.34,1,1
0.996,-0.106,0.548,0.536,-0.41,-3.706,1,1
1.002,-0.108,0.576,0.554,-0.37,-4.018,1,1
1.004,-0.106,0.6,0.566,-0.34,-4.27,1,1
1.002,-0.108,0.622,0.574,-0.32,-4.372,1,1
1.004,-0.118,0.63,0.588,-0.296,-4.486,1,1
1.008,-0.106,0.632,0.608,-0.266,-4.614,1,1
1.004,-0.094,0.64,0.626,-0.248,-4.692,1,1
1,-0.082,0.648,0.658,-0.234,-4.776,1,1
0.998,-0.07,0.656,0.686,-0.222,-4.838,1,1
0.996,-0.062,0.68,0.738,-0.186,-4.95,1,1
0.992,-0.064,0.706,0.802,-0.16,-5.072,1,1
0.992,-0.072,0.728,0.874,-0.138,-5.206,1,1
0.992,-0.096,0.75,0.93,-0.118,-5.304,1,1
0.992,-0.12,0.772,1.052,-0.126,-5.452,1,1
0.996,-0.144,0.778,1.154,-0.17,-5.548,1,1
0.992,-0.178,0.778,1.238,-0.21,-5.62,1,1
0.99,-0.214,0.776,1.364,-0.242,-5.714,1,1
0.99,-0.228,0.772,1.49,-0.274,-5.808,1,1
0.988,-0.244,0.768,1.55,-0.278,-5.852,1,1
0.982,-0.256,0.764,1.618,-0.26,-5.882,1,1
0.982,-0.248,0.764,1.738,-0.208,-5.822,1,1
0.982,-0.24,0.764,1.8,-0.162,-5.686,1,1
0.98,-0.244,0.772,1.862,-0.116,-5.55,1,1
0.98,-0.242,0.784,1.93,-0.062,-5.37,1,1
0.984,-0.246,0.796,1.96,-0.008,-5.08,1,1
0.988,-0.248,0.804,1.868,-0.01,-4.674,1,1
0.998,-0.254,0.808,1.608,-0.036,-3.924,1,1
1.004,-0.24,0.806,1.3,-0.12,-3.072,1,1
1.012,-0.21,0.816,0.986,-0.212,-2.264,1,1
1.018,-0.154,0.856,0.71,-0.334,-1.134,1,1
1.032,-0.104,0.908,0.802,-0.432,-0.112,1,1
1.04,-0.05,0.964,1.07,-0.504,0.524,1,2
1.06,-0.006,1.034,1.386,-0.432,1.168,1,2
1.088,0.02,1.1,1.702,-0.36,1.812,1,2
1.114,0.026,1.152,1.956,-0.44,2.058,1,2
1.13,0.034,1.206,1.912,-0.522,2.206,1,2
1.146,0.042,1.26,1.868,-0.604,2.354,1,2
1.154,0.048,1.314,1.602,-0.816,2.354,1,2
1.152,0.052,1.356,1.336,-1.028,2.354,1,2
1.154,0.058,1.396,0.966,-0.926,2.338,1,2
1.162,0.052,1.44,0.596,-0.824,2.322,1,2
1.172,0.04,1.496,0.268,-0.716,2.286,1,2
1.182,0.02,1.544,0.162,-0.564,2.288,1,2
1.192,0,1.592,0.056,-0.412,2.29,1,2
1.2,-0.032,1.638,0.236,-0.324,2.234,1,2
1.202,-0.064,1.668,0.536,-0.096,2.168,1,2
1.206,-0.076,1.69,0.794,0.126,2.122,1,3
1.21,-0.082,1.706,1.052,0.348,2.076,1,3
1.212,-0.096,1.726,1.31,0.57,2.03,1,3
1.212,-0.1,1.734,1.476,0.78,2.026,1,3
1.224,-0.1,1.746,1.522,0.85,2.032,1,3
1.238,-0.114,1.756,1.512,0.98,2.054,1,3
1.254,-0.128,1.774,1.502,1.11,2.076,1,3
1.268,-0.134,1.794,1.418,1.248,2.114,1,3
1.28,-0.138,1.824,1.288,1.316,2.146,1,3
1.282,-0.136,1.85,1.158,1.384,2.178,1,3
1.274,-0.136,1.882,1.022,1.408,2.238,1,3
1.26,-0.138,1.914,0.886,1.432,2.298,1,3
1.25,-0.14,1.94,0.824,1.448,2.342,1,3
1.242,-0.144,1.956,0.794,1.488,2.434,1,3
1.232,-0.146,1.98,0.764,1.528,2.526,1,3
1.226,-0.146,1.996,0.796,1.552,2.574,1,3
1.224,-0.144,2.004,0.828,1.576,2.622,1,3
1.222,-0.142,2.012,0.882,1.482,2.69,1,3
1.218,-0.146,2.026,0.904,1.364,2.71,1,3
1.216,-0.152,2.032,0.926,1.246,2.73,1,3
1.218,-0.162,2.04,0.948,1.128,2.75,1,3
1.22,-0.172,2.048,0.988,0.988,2.78,1,3
1.222,-0.182,2.056,1.006,0.966,2.79,1,3
1.23,-0.184,2.058,1.024,0.944,2.8,1,3
1.238,-0.186,2.06,1.034,0.874,2.816,1,3
1.242,-0.184,2.06,1.044,0.804,2.832,1,3
1.254,-0.18,2.058,1.036,0.756,2.838,1,3
1.266,-0.176,2.056,1.016,0.646,2.83,1,3
1.274,-0.174,2.054,0.996,0.536,2.822,1,3
1.286,-0.166,2.05,0.984,0.474,2.808,1,3
1.298,-0.158,2.046,0.972,0.412,2.794,1,3
1.302,-0.152,2.044,0.962,0.292,2.756,1,3
1.306,-0.146,2.042,0.964,0.234,2.732,1,3
1.314,-0.134,2.038,0.98,0.158,2.682,1,3
1.318,-0.128,2.036,0.996,0.082,2.632,1,3
1.322,-0.122,2.034,1.012,0.006,2.582,1,3
1.326,-0.11,2.03,1.026,-0.012,2.556,1,3
1.33,-0.098,2.026,1.05,-0.056,2.502,1,3
1.33,-0.092,2.024,1.06,-0.082,2.474,1,3
1.33,-0.086,2.022,1.07,-0.108,2.446,1,3
1.332,-0.074,2.016,1.08,-0.134,2.418,1,3
1.334,-0.068,2.012,1.1,-0.178,2.364,1,3
1.334,-0.056,2.01,1.11,-0.196,2.338,1,3
1.334,-0.044,2.008,1.128,-0.22,2.29,1,3
1.334,-0.032,2.006,1.146,-0.244,2.242,1,3
1.332,-0.026,2.008,1.164,-0.268,2.194,1,3
1.328,-0.014,2.008,1.172,-0.274,2.172,1,3
1.326,-0.008,2.006,1.186,-0.286,2.128,1,3
1.316,0.016,2.004,1.192,-0.292,2.106,1,3
1.306,0.04,2.002,1.196,-0.318,2.062,1,3
1.296,0.064,2,1.2,-0.344,2.018,1,3
1.288,0.082,2,1.204,-0.37,1.974,1,3
1.28,0.1,2,1.214,-0.384,1.934,1,3
1.28,0.1,2,1.224,-0.398,1.894,1,3
1.284,0.104,1.998,1.236,-0.392,1.876,1,3
1.288,0.114,1.996,1.248,-0.386,1.858,1,3
1.292,0.124,1.994,1.264,-0.366,1.834,1,3
1.296,0.134,1.992,1.268,-0.352,1.828,1,3
1.3,0.144,1.99,1.272,-0.338,1.822,1,3
1.306,0.156,1.99,1.276,-0.306,1.824,1,3
1.312,0.162,1.99,1.28,-0.274,1.826,1,3
1.318,0.168,1.99,1.28,-0.256,1.834,1,3
1.328,0.176,1.994,1.266,-0.264,1.84,1,3
1.35,0.19,2.004,1.252,-0.272,1.846,1,3
1.366,0.198,2.014,1.212,-0.296,1.852,1,3
1.406,0.196,2.038,1.172,-0.32,1.858,1,3
1.476,0.172,2.08,1.144,-0.334,1.946,1,3
1.468,0.096,2.13,1.13,-0.322,2.036,1,3
1.442,0.004,2.178,1.116,-0.31,2.126,1,3
1.416,-0.088,2.226,1.12,-0.302,2.22,1,3
1.366,-0.17,2.26,1.104,-0.282,2.332,1,3
1.286,-0.23,2.276,1.06,-0.272,2.358,1,3
1.3,-0.314,2.286,1.024,-0.264,2.374,1,3
1.316,-0.408,2.288,0.988,-0.256,2.39,1,3
1.332,-0.502,2.29,0.96,-0.236,2.352,1,4
1.212,-0.57,2.086,0.954,-0.192,2.168,1,4
1.092,-0.638,1.882,0.964,-0.148,1.988,1,4
0.972,-0.646,1.63,0.968,-0.136,1.792,1,4
0.856,-0.634,1.382,0.972,-0.124,1.596,1,4
0.74,-0.622,1.134,0.988,-0.122,1.394,1,4
0.756,-0.65,1.008,1.002,-0.156,1.32,1,4
0.772,-0.678,0.882,1.006,-0.142,1.196,1,4
0.704,-0.574,0.688,1.002,-0.096,1.07,1,4
0.616,-0.474,0.488,0.998,-0.05,0.944,1,4
0.51,-0.38,0.278,0.988,-0.008,0.86,1,4
0.39,-0.278,0.138,0.978,0.034,0.776,1,4
0.266,-0.192,-0.018,0.978,0.018,0.734,1,4
0.198,-0.226,-0.084,0.984,0.004,0.72,1,4
0.174,-0.298,-0.304,0.99,-0.01,0.706,1,4
0.186,-0.382,-0.62,0.99,-0.02,0.698,1,4
0.216,-0.46,-0.922,0.992,-0.034,0.682,1,4
0.25,-0.522,-1.208,0.996,-0.042,0.67,1,4
0.294,-0.578,-1.51,1,-0.05,0.658,1,4
0.314,-0.592,-1.652,0.994,-0.066,0.638,1,4
0.322,-0.594,-1.724,0.986,-0.084,0.62,1,4
0.33,-0.588,-1.832,0.976,-0.098,0.61,1,4
0.348,-0.584,-1.976,0.968,-0.106,0.606,1,4
0.364,-0.584,-2.084,0.96,-0.114,0.602,1,4
0.378,-0.574,-2.224,0.96,-0.118,0.602,1,4
0.388,-0.532,-2.416,0.962,-0.12,0.6,1,4
0.398,-0.488,-2.596,0.968,-0.118,0.596,1,4
0.398,-0.442,-2.74,0.97,-0.118,0.586,1,4
0.402,-0.386,-2.906,0.976,-0.11,0.572,1,4
0.408,-0.34,-3.04,0.984,-0.098,0.562,1,4
0.412,-0.32,-3.086,0.99,-0.088,0.548,1,4
0.418,-0.302,-3.124,0.992,-0.082,0.536,1,4
0.424,-0.284,-3.162,0.994,-0.076,0.528,1,4
0.426,-0.276,-3.178,0.994,-0.07,0.52,1,4
0.428,-0.268,-3.194,0.994,-0.064,0.512,1,4
0.43,-0.25,-3.24,0.996,-0.056,0.508,1,4
0.43,-0.24,-3.27,0.998,-0.048,0.496,1,4
0.434,-0.226,-3.31,1,-0.04,0.484,1,4
0.438,-0.212,-3.35,1,-0.036,0.474,1,4
0.446,-0.192,-3.4,1.006,-0.034,0.458,1,4
0.46,-0.182,-3.426,1.012,-0.032,0.442,1,4
0.48,-0.17,-3.46,1.01,-0.024,0.43,1,4
0.54,-0.158,-3.54,1.002,-0.038,0.446,1,4
0.6,-0.146,-3.62,0.994,-0.056,0.464,1,4
0.708,-0.122,-3.764,0.98,-0.072,0.488,1,4
0.816,-0.098,-3.914,0.966,-0.088,0.512,1,4
0.926,-0.082,-4.066,0.97,-0.124,0.528,1,4
0.994,-0.078,-4.176,0.98,-0.138,0.516,1,4
1.062,-0.074,-4.286,0.986,-0.146,0.496,1,4
1.116,-0.12,-4.362,0.998,-0.148,0.456,1,4
1.164,-0.166,-4.426,1.002,-0.148,0.41,1,4
1.204,-0.206,-4.48,1.006,-0.126,0.374,1,4
1.242,-0.238,-4.52,1.004,-0.106,0.336,1,4
1.29,-0.278,-4.558,1.006,-0.092,0.306,1,4
1.3,-0.286,-4.556,1,-0.08,0.298,1,4
1.318,-0.31,-4.55,1.006,-0.07,0.3,1,4
1.336,-0.334,-4.544,1.002,-0.068,0.304,1,4
1.354,-0.358,-4.538,1.004,-0.064,0.31,1,4
1.364,-0.386,-4.526,1.006,-0.06,0.316,1,4
1.374,-0.414,-4.514,1.008,-0.06,0.322,1,4
1.376,-0.426,-4.506,1.006,-0.06,0.324,1,4
1.378,-0.438,-4.498,1.004,-0.06,0.326,1,4
1.38,-0.456,-4.48,1.002,-0.06,0.33,1,4
1.38,-0.462,-4.47,1,-0.06,0.334,1,4
1.38,-0.468,-4.46,1.004,-0.058,0.338,1,4
1.372,-0.488,-4.44,1.008,-0.056,0.342,1,4
1.364,-0.508,-4.42,1.012,-0.054,0.346,1,4
1.352,-0.532,-4.398,1.016,-0.052,0.348,1,4
1.34,-0.556,-4.376,1.016,-0.046,0.352,1,4
1.328,-0.58,-4.354,1.012,-0.042,0.354,1,4
1.318,-0.596,-4.338,1.008,-0.038,0.356,1,4
1.308,-0.612,-4.322,1.004,-0.032,0.36,1,4
1.302,-0.618,-4.318,1,-0.026,0.364,1,4
1.296,-0.624,-4.314,1,-0.022,0.368,1,4
1.286,-0.636,-4.304,1,-0.018,0.372,1,4
1.282,-0.642,-4.298,1,-0.014,0.376,1,4
1.274,-0.642,-4.284,1,-0.012,0.378,1,4
1.262,-0.64,-4.264,0.996,-0.002,0.386,1,4
1.252,-0.634,-4.222,0.99,0.016,0.4,1,4
1.246,-0.622,-4.186,0.984,0.034,0.414,1,4
1.24,-0.61,-4.15,0.978,0.062,0.472,1,4
1.264,-0.538,-3.894,0.97,0.092,0.538,1,4
1.29,-0.46,-3.604,0.97,0.12,0.608,1,4
1.314,-0.386,-3.336,0.972,0.144,0.684,1,4
1.338,-0.312,-3.068,0.972,0.176,0.776,1,4
1.36,-0.242,-2.76,0.97,0.204,0.84,1,4
1.356,-0.238,-2.68,0.98,0.218,0.962,1,4
1.348,-0.236,-2.598,0.986,0.24,1.088,1,4
1.338,-0.234,-2.472,0.992,0.256,1.2,1,4
1.324,-0.232,-2.298,1,0.264,1.296,1,4
1.312,-0.226,-2.164,1.01,0.266,1.376,1,4
1.302,-0.22,-1.98,1.01,0.278,1.408,1,4
1.294,-0.226,-1.786,1.01,0.276,1.426,1,4
1.286,-0.238,-1.582,1.01,0.274,1.444,1,4
1.276,-0.262,-1.374,1.008,0.278,1.482,1,4
1.266,-0.286,-1.166,1.006,0.282,1.52,1,4
1.406,-0.324,-0.962,1.002,0.286,1.566,1,4
1.55,-0.28,-0.734,1.006,0.258,1.696,1,4
1.596,-0.292,-0.326,1.01,0.23,1.826,1,4
1.634,-0.292,0.07,1.016,0.196,1.936,1,4
1.672,-0.292,0.466,1.026,0.154,2.06,1,4
1.408,-0.258,0.812,1.068,0.11,2.17,1,0
1.144,-0.3,1.082,1.152,0.062,2.212,1,0
0.98,-0.28,1.118,1.236,0.014,2.254,1,0
0.934,-0.052,1.142,1.312,-0.034,2.29,1,0
0.918,0.176,1.22,1.366,-0.034,2.32,1,0
1.04,0.16,1.446,1.392,-0.014,2.358,1,0
1.17,0.106,1.66,1.368,0.042,2.38,1,0
1.3,0.092,1.876,1.344,0.098,2.402,1,0
1.322,-0.144,2.068,1.33,0.152,2.438,1,0
1.296,-0.388,2.204,1.334,0.166,2.466,1,0
1.282,-0.408,2.196,1.336,0.162,2.48,1,0
1.248,-0.382,2.204,1.366,0.152,2.51,1,0
1.214,-0.396,2.21,1.396,0.142,2.54,1,0
1.186,-0.388,2.214,1.428,0.13,2.564,1,0
1.176,-0.372,2.22,1.46,0.118,2.588,1,0
1.152,-0.36,2.226,1.506,0.106,2.61,1,0
1.134,-0.346,2.232,1.524,0.1,2.616,1,0
1.11,-0.318,2.264,1.542,0.094,2.622,1,0
1.066,-0.28,2.304,1.554,0.084,2.632,1,0
1.022,-0.242,2.344,1.578,0.068,2.646,1,0
0.992,-0.2,2.384,1.596,0.048,2.654,1,0
0.968,-0.168,2.42,1.616,0.02,2.662,1,0
0.944,-0.152,2.428,1.682,-0.064,2.636,1,0
0.936,-0.16,2.42,1.77,-0.122,2.588,1,0
0.934,-0.172,2.402,1.846,-0.172,2.512,1,1
0.938,-0.232,2.108,1.914,-0.216,2.438,1,1
0.942,-0.292,1.814,1.978,-0.264,2.344,1,1
0.952,-0.35,1.522,1.548,-0.26,2.01,1,1
0.964,-0.402,1.236,1.128,-0.27,1.68,1,1
0.97,-0.444,0.948,0.708,-0.282,1.374,1,1
0.974,-0.432,0.922,0.328,-0.274,1.064,1,1
0.98,-0.406,0.89,-0.05,-0.254,0.774,1,1
0.986,-0.38,0.858,0.02,-0.23,0.758,1,1
0.994,-0.342,0.822,0.082,-0.214,0.748,1,1
1.006,-0.274,0.798,0.144,-0.198,0.738,1,1
1.014,-0.212,0.788,0.174,-0.246,0.726,1,1
1.02,-0.182,0.758,0.262,-0.336,0.702,1,1
1.026,-0.152,0.728,0.35,-0.426,0.678,1,1
1.026,-0.134,0.698,0.438,-0.53,0.644,1,1
1.022,-0.152,0.668,0.544,-0.634,0.588,1,1
1.014,-0.18,0.614,0.622,-0.586,0.462,1,1
1.006,-0.192,0.582,0.636,-0.464,0.328,1,1
1,-0.204,0.542,0.65,-0.342,0.194,1,1
0.998,-0.216,0.506,0.642,-0.202,0.076,1,1
0.994,-0.228,0.468,0.606,-0.064,-0.04,1,1
0.994,-0.23,0.454,0.54,0.026,-0.198,1,1
0.994,-0.224,0.44,0.48,0.084,-0.336,1,1
0.994,-0.218,0.43,0.42,0.142,-0.474,1,1
0.994,-0.212,0.42,0.354,0.18,-0.63,1,1
0.996,-0.206,0.412,0.3,0.204,-0.794,1,1
0.994,-0.188,0.404,0.296,0.168,-0.84,1,1
0.992,-0.176,0.4,0.292,0.132,-0.886,1,1
0.988,-0.164,0.4,0.288,0.096,-0.932,1,1
0.984,-0.152,0.4,0.29,0.058,-0.986,1,1
0.98,-0.14,0.4,0.29,0.036,-1.012,1,1
0.982,-0.144,0.402,0.29,0.014,-1.038,1,1
0.984,-0.148,0.404,0.29,-0.008,-1.064,1,1
0.986,-0.152,0.406,0.294,-0.044,-1.112,1,1
0.988,-0.156,0.408,0.298,-0.058,-1.134,1,1
0.988,-0.158,0.408,0.302,-0.072,-1.156,1,1
0.986,-0.156,0.406,0.306,-0.086,-1.178,1,1
0.984,-0.154,0.404,0.31,-0.134,-1.23,1,1
0.982,-0.148,0.402,0.31,-0.168,-1.26,1,1
0.98,-0.142,0.4,0.31,-0.202,-1.29,1,1
0.98,-0.138,0.4,0.322,-0.248,-1.358,1,1
0.98,-0.134,0.4,0.334,-0.294,-1.426,1,1
0.98,-0.126,0.402,0.346,-0.306,-1.464,1,1
0.98,-0.122,0.404,0.366,-0.33,-1.54,1,1
0.98,-0.118,0.406,0.386,-0.354,-1.616,1,1
0.98,-0.114,0.408,0.394,-0.366,-1.654,1,1
0.98,-0.11,0.41,0.402,-0.378,-1.692,1,1
0.98,-0.11,0.41,0.416,-0.4,-1.77,1,1
0.98,-0.11,0.41,0.422,-0.41,-1.81,1,1
0.98,-0.106,0.412,0.428,-0.42,-1.85,1,1
0.98,-0.102,0.414,0.442,-0.432,-1.934,1,1
0.98,-0.098,0.416,0.456,-0.444,-2.018,1,1
0.98,-0.094,0.418,0.464,-0.446,-2.062,1,1
0.982,-0.088,0.42,0.472,-0.448,-2.106,1,1
0.984,-0.086,0.42,0.48,-0.45,-2.15,1,1
0.986,-0.084,0.42,0.488,-0.444,-2.19,1,1
0.988,-0.082,0.42,0.496,-0.438,-2.23,1,1
0.988,-0.08,0.422,0.504,-0.432,-2.27,1,1
0.986,-0.08,0.424,0.52,-0.424,-2.354,1,1
0.984,-0.08,0.426,0.536,-0.416,-2.438,1,1
0.982,-0.08,0.428,0.544,-0.414,-2.482,1,1
0.986,-0.086,0.432,0.556,-0.414,-2.566,1,1
0.992,-0.092,0.434,0.568,-0.414,-2.65,1,1
0.998,-0.098,0.436,0.572,-0.416,-2.69,1,1
1,-0.096,0.442,0.576,-0.418,-2.73,1,1
1.002,-0.094,0.448,0.582,-0.416,-2.81,1,1
0.998,-0.086,0.452,0.584,-0.412,-2.85,1,1
0.994,-0.078,0.456,0.586,-0.408,-2.89,1,1
0.988,-0.076,0.462,0.588,-0.404,-2.93,1,1
0.986,-0.082,0.464,0.592,-0.404,-3.006,1,1
0.984,-0.088,0.466,0.594,-0.408,-3.042,1,1
0.982,-0.094,0.468,0.596,-0.412,-3.078,1,1
0.98,-0.1,0.47,0.598,-0.416,-3.114,1,1
0.98,-0.102,0.472,0.6,-0.42,-3.15,1,1
0.98,-0.104,0.474,0.602,-0.408,-3.184,1,1
0.98,-0.106,0.476,0.604,-0.396,-3.218,1,1
0.98,-0.108,0.482,0.606,-0.38,-3.284,1,1
0.98,-0.11,0.488,0.608,-0.364,-3.35,1,1
0.98,-0.11,0.492,0.61,-0.348,-3.416,1,1
0.98,-0.11,0.496,0.614,-0.346,-3.478,1,1
0.98,-0.11,0.5,0.618,-0.344,-3.54,1,1
0.98,-0.114,0.506,0.622,-0.346,-3.57,1,1
0.976,-0.122,0.514,0.626,-0.348,-3.6,1,1
0.972,-0.13,0.522,0.632,-0.342,-3.658,1,1
0.97,-0.134,0.536,0.634,-0.334,-3.686,1,1
0.966,-0.142,0.554,0.636,-0.326,-3.714,1,1
0.962,-0.146,0.566,0.64,-0.32,-3.768,1,1
0.964,-0.152,0.58,0.64,-0.32,-3.874,1,1
0.966,-0.158,0.594,0.64,-0.328,-3.976,1,1
0.966,-0.168,0.602,0.64,-0.336,-4.078,1,1
0.968,-0.172,0.61,0.64,-0.344,-4.18,1,1
0.97,-0.176,0.618,0.638,-0.35,-4.278,1,1
0.97,-0.174,0.622,0.64,-0.35,-4.324,1,1
0.97,-0.172,0.626,0.64,-0.35,-4.346,1,1
0.97,-0.17,0.63,0.642,-0.35,-4.386,1,1
0.97,-0.174,0.632,0.644,-0.35,-4.442,1,1
0.972,-0.172,0.636,0.646,-0.344,-4.488,1,1
0.97,-0.178,0.64,0.654,-0.344,-4.55,1,1
0.972,-0.18,0.642,0.674,-0.356,-4.66,1,1
0.972,-0.18,0.644,0.694,-0.364,-4.766,1,1
0.974,-0.176,0.642,0.718,-0.372,-4.876,1,1
0.98,-0.206,0.63,0.742,-0.386,-4.974,1,1
0.988,-0.224,0.616,0.76,-0.39,-5.074,1,1
0.992,-0.246,0.604,0.772,-0.376,-5.144,1,1
0.998,-0.27,0.592,0.794,-0.328,-5.272,1,1
1,-0.306,0.576,0.816,-0.278,-5.39,1,1
0.996,-0.314,0.568,0.838,-0.228,-5.508,1,1
0.994,-0.326,0.562,0.864,-0.18,-5.618,1,1
0.996,-0.33,0.55,0.892,-0.134,-5.718,1,1
0.998,-0.334,0.538,0.914,-0.122,-5.752,1,1
0.998,-0.332,0.526,0.94,-0.11,-5.78,1,1
0.998,-0.33,0.514,0.976,-0.094,-5.812,1,1
1.004,-0.324,0.498,1.018,-0.076,-5.836,1,1
1.008,-0.286,0.49,1.052,-0.062,-5.852,1,1
1.004,-0.234,0.488,1.094,-0.052,-5.862,1,1
1.004,-0.176,0.492,1.144,-0.042,-5.868,1,1
1.004,-0.118,0.496,1.184,-0.036,-5.87,1,1
0.998,-0.064,0.504,1.322,-0.016,-5.812,1,1
0.99,-0.028,0.534,1.46,0.004,-5.754,1,1
0.99,-0.006,0.558,1.624,0.05,-5.534,1,1
1.022,0.026,0.716,1.714,0.006,-4.97,1,2
1.06,0.064,0.892,1.804,-0.038,-4.406,1,2
1.094,0.102,1.088,1.74,-0.126,-3.824,1,2
1.13,0.108,1.276,1.676,-0.214,-3.242,1,2
1.166,0.114,1.464,1.338,-0.376,-2.302,1,2
1.17,0.11,1.518,1.058,-0.45,-1.706,1,2
1.186,0.076,1.622,0.778,-0.524,-1.11,1,2
1.206,0.036,1.71,0.48,-0.616,-0.198,1,2
1.224,0.006,1.782,0.204,-0.716,0.702,1,2
1.242,-0.036,1.854,0.31,-0.678,1.046,1,2
1.258,-0.084,1.924,0.53,-0.556,1.356,1,2
1.26,-0.116,1.922,0.75,-0.434,1.666,1,2
1.268,-0.14,1.896,1.034,-0.268,1.584,1,3
1.276,-0.164,1.87,1.226,0.09,1.702,1,3
1.284,-0.176,1.844,1.27,0.358,1.856,1,3
1.292,-0.176,1.822,1.218,0.53,2.06,1,3
1.292,-0.162,1.81,1.166,0.702,2.264,1,3
1.288,-0.15,1.824,1.114,0.874,2.468,1,3
1.284,-0.134,1.848,1.126,0.806,2.492,1,3
1.28,-0.118,1.872,1.13,0.696,2.504,1,3
1.29,-0.108,1.908,1.116,0.598,2.5,1,3
1.304,-0.104,1.938,1.102,0.5,2.496,1,3
1.316,-0.09,1.962,1.092,0.374,2.482,1,3
1.328,-0.08,1.976,1.098,0.29,2.45,1,3
1.34,-0.06,1.992,1.12,0.21,2.42,1,3
1.34,-0.04,1.994,1.142,0.13,2.39,1,3
1.342,-0.01,2,1.162,0.03,2.356,1,3
1.338,0.014,2.01,1.174,-0.058,2.326,1,3
1.326,0.052,2.024,1.176,-0.132,2.306,1,3
1.314,0.08,2.036,1.168,-0.192,2.274,1,3
1.308,0.096,2.06,1.16,-0.252,2.242,1,3
1.3,0.102,2.08,1.154,-0.292,2.214,1,3
1.298,0.104,2.096,1.152,-0.242,2.21,1,3
1.338,0.062,2.138,1.15,-0.192,2.206,1,3
1.378,0.02,2.18,1.13,-0.122,2.228,1,3
1.412,-0.01,2.21,1.114,-0.118,2.224,1,3
1.43,-0.064,2.244,1.098,-0.114,2.22,1,3
1.418,-0.14,2.28,1.1,-0.196,2.172,1,3
1.372,-0.186,2.286,1.096,-0.296,2.11,1,3
1.328,-0.226,2.294,1.084,-0.404,2.032,1,3
1.288,-0.276,2.302,1.068,-0.446,1.98,1,3
1.264,-0.302,2.306,1.062,-0.474,1.924,1,3
1.292,-0.332,2.294,1.038,-0.49,1.894,1,3
1.236,-0.424,2.226,1.02,-0.488,1.878,1,3
1.178,-0.522,2.156,1.026,-0.48,1.868,1,4
1.088,-0.606,2.064,1.024,-0.46,1.854,1,4
0.998,-0.69,1.972,1.014,-0.442,1.838,1,4
0.844,-0.752,1.868,1.004,-0.424,1.822,1,4
0.774,-0.752,1.82,0.986,-0.408,1.8,1,4
0.704,-0.752,1.772,0.97,-0.354,1.772,1,4
0.662,-0.756,1.746,0.98,-0.296,1.742,1,4
0.522,-0.762,1.648,0.988,-0.25,1.718,1,4
0.424,-0.764,1.576,0.982,-0.19,1.668,1,4
0.378,-0.694,1.464,0.988,-0.126,1.586,1,4
0.36,-0.65,1.326,0.996,-0.076,1.452,1,4
0.342,-0.606,1.188,0.99,-0.058,1.306,1,4
0.45,-0.572,1.104,0.984,-0.04,1.16,1,4
0.552,-0.54,0.864,0.99,-0.028,0.986,1,4
0.592,-0.544,0.63,0.992,-0.018,0.85,1,4
0.546,-0.434,0.38,0.994,-0.026,0.778,1,4
0.47,-0.364,0.048,0.982,-0.024,0.744,1,4
0.368,-0.29,-0.29,0.976,-0.03,0.714,1,4
0.286,-0.244,-0.524,0.976,-0.048,0.736,1,4
0.214,-0.234,-0.724,0.978,-0.072,0.752,1,4
0.208,-0.332,-0.914,0.988,-0.094,0.756,1,4
0.232,-0.39,-1.022,0.994,-0.104,0.73,1,4
0.254,-0.44,-1.106,0.998,-0.106,0.69,1,4
0.27,-0.472,-1.172,0.998,-0.104,0.652,1,4
0.286,-0.504,-1.238,0.996,-0.088,0.612,1,4
0.294,-0.516,-1.272,0.984,-0.074,0.578,1,4
0.302,-0.528,-1.306,0.986,-0.066,0.554,1,4
0.32,-0.542,-1.374,0.982,-0.054,0.538,1,4
0.33,-0.544,-1.408,0.978,-0.042,0.522,1,4
0.34,-0.546,-1.442,0.974,-0.038,0.514,1,4
0.35,-0.548,-1.476,0.97,-0.04,0.508,1,4
0.37,-0.562,-1.546,0.966,-0.042,0.502,1,4
0.38,-0.574,-1.582,0.964,-0.048,0.498,1,4
0.39,-0.586,-1.618,0.962,-0.054,0.494,1,4
0.408,-0.608,-1.69,0.958,-0.058,0.49,1,4
0.426,-0.63,-1.762,0.956,-0.056,0.49,1,4
0.434,-0.64,-1.798,0.954,-0.054,0.49,1,4
0.448,-0.626,-1.866,0.952,-0.052,0.49,1,4
0.462,-0.612,-1.934,0.95,-0.05,0.49,1,4
0.468,-0.588,-1.966,0.95,-0.054,0.488,1,4
0.476,-0.566,-2.03,0.956,-0.068,0.482,1,4
0.48,-0.54,-2.126,0.962,-0.08,0.472,1,4
0.482,-0.538,-2.22,0.968,-0.092,0.462,1,4
0.48,-0.526,-2.344,0.974,-0.102,0.45,1,4
0.478,-0.514,-2.468,0.98,-0.108,0.44,1,4
0.474,-0.5,-2.56,0.98,-0.104,0.434,1,4
0.476,-0.482,-2.644,0.98,-0.102,0.432,1,4
0.474,-0.464,-2.698,0.98,-0.102,0.428,1,4
0.476,-0.456,-2.722,0.98,-0.104,0.426,1,4
0.48,-0.438,-2.77,0.98,-0.106,0.424,1,4
0.48,-0.418,-2.84,0.982,-0.106,0.418,1,4
0.482,-0.398,-2.908,0.982,-0.104,0.412,1,4
0.484,-0.378,-2.976,0.988,-0.088,0.404,1,4
0.486,-0.354,-3.06,0.992,-0.066,0.396,1,4
0.486,-0.338,-3.138,0.992,-0.038,0.39,1,4
0.49,-0.324,-3.194,0.992,-0.004,0.392,1,4
0.492,-0.316,-3.242,0.994,0.026,0.4,1,4
0.53,-0.312,-3.394,0.99,0.044,0.412,1,4
0.576,-0.314,-3.538,0.988,0.058,0.426,1,4
0.622,-0.318,-3.664,0.988,0.062,0.454,1,4
0.668,-0.322,-3.79,0.984,0.046,0.484,1,4
0.718,-0.328,-3.91,0.98,0.032,0.508,1,4
0.738,-0.322,-3.932,0.984,0.006,0.534,1,4
0.754,-0.31,-3.966,0.988,-0.034,0.548,1,4
0.77,-0.298,-4,0.994,-0.07,0.546,1,4
0.786,-0.286,-4.034,1.004,-0.094,0.532,1,4
0.8,-0.264,-4.07,1.012,-0.118,0.516,1,4
0.806,-0.246,-4.112,1.012,-0.126,0.496,1,4
0.808,-0.232,-4.134,1.004,-0.118,0.488,1,4
0.82,-0.198,-4.172,0.996,-0.11,0.48,1,4
0.832,-0.164,-4.21,0.984,-0.104,0.492,1,4
0.84,-0.14,-4.238,0.98,-0.108,0.506,1,4
0.85,-0.122,-4.264,0.982,-0.122,0.518,1,4
0.86,-0.104,-4.29,0.994,-0.144,0.52,1,4
0.86,-0.106,-4.3,1.006,-0.162,0.514,1,4
0.874,-0.108,-4.332,1.02,-0.178,0.494,1,4
0.976,-0.124,-4.29,1.028,-0.184,0.474,1,4
1.078,-0.138,-4.238,1.028,-0.18,0.448,1,4
1.18,-0.152,-4.186,1.026,-0.172,0.43,1,4
1.282,-0.17,-4.12,1.02,-0.156,0.408,1,4
1.37,-0.188,-4.032,1.014,-0.14,0.386,1,4
1.37,-0.188,-3.998,1.008,-0.122,0.362,1,4
1.37,-0.188,-3.964,1.002,-0.104,0.35,1,4
1.37,-0.194,-3.906,0.994,-0.088,0.342,1,4
1.37,-0.196,-3.862,0.988,-0.086,0.35,1,4
1.37,-0.198,-3.818,0.98,-0.038,0.41,1,4
1.37,-0.204,-3.794,0.972,0.008,0.472,1,4
1.374,-0.218,-3.742,0.966,0.05,0.532,1,4
1.366,-0.268,-3.518,0.962,0.094,0.588,1,4
1.358,-0.318,-3.264,0.96,0.146,0.652,1,4
1.35,-0.368,-3.01,0.96,0.16,0.68,1,4
1.342,-0.41,-2.72,0.96,0.176,0.722,1,4
1.33,-0.444,-2.458,0.962,0.196,0.778,1,4
1.33,-0.436,-2.356,0.964,0.216,0.834,1,4
1.33,-0.428,-2.284,0.97,0.236,0.906,1,4
1.33,-0.42,-2.212,0.976,0.248,0.962,1,4
1.334,-0.41,-2.134,0.984,0.264,1.02,1,4
1.338,-0.4,-2.056,0.99,0.276,1.064,1,4
1.342,-0.39,-2.014,0.996,0.288,1.108,1,4
1.346,-0.38,-1.972,0.998,0.294,1.124,1,4
1.344,-0.372,-1.89,1,0.3,1.14,1,4
1.338,-0.374,-1.85,0.998,0.298,1.156,1,4
1.332,-0.376,-1.81,0.996,0.296,1.172,1,4
1.326,-0.378,-1.77,0.992,0.296,1.208,1,4
1.318,-0.37,-1.684,0.988,0.296,1.244,1,4
1.316,-0.36,-1.638,0.984,0.296,1.28,1,4
1.314,-0.35,-1.592,0.982,0.298,1.3,1,4
1.308,-0.332,-1.498,0.978,0.294,1.34,1,4
1.302,-0.314,-1.404,0.976,0.288,1.36,1,4
1.298,-0.306,-1.356,0.974,0.282,1.38,1,4
1.348,-0.292,-1.264,0.972,0.268,1.42,1,4
1.398,-0.278,-1.172,0.97,0.254,1.46,1,4
1.452,-0.272,-1.128,0.97,0.246,1.48,1,4
1.506,-0.266,-1.084,0.97,0.238,1.5,1,4
1.648,-0.216,-0.974,0.97,0.23,1.52,1,4
1.736,-0.172,-0.908,0.97,0.222,1.538,1,4
1.824,-0.128,-0.842,0.972,0.202,1.574,1,4
1.912,-0.072,-0.716,0.976,0.176,1.628,1,4
2,-0.016,-0.59,0.982,0.136,1.694,1,4
1.836,-0.066,-0.316,1.018,0.088,1.782,1,4
1.672,-0.116,-0.042,1.088,0.042,1.86,1,4
1.524,-0.15,0.284,1.156,0.008,1.92,1,4
1.376,-0.196,0.55,1.222,-0.02,1.962,1,4
1.228,-0.242,0.816,1.286,-0.034,1.992,1,4
1.244,-0.226,0.868,1.326,-0.042,2.008,1,4
1.26,-0.21,0.92,1.332,-0.044,2.016,1,4
1.202,-0.226,1.004,1.338,-0.046,2.024,1,4
1.036,-0.314,1.078,1.334,-0.046,2.038,1,4
0.894,-0.324,1.154,1.33,-0.046,2.052,1,0
0.752,-0.334,1.23,1.304,-0.042,2.062,1,0
0.724,-0.292,1.296,1.278,-0.038,2.072,1,0
0.754,-0.234,1.278,1.266,-0.034,2.08,1,0
0.952,-0.082,1.246,1.278,-0.028,2.076,1,0
1.154,0.048,1.19,1.29,-0.022,2.072,1,0
1.354,0.228,1.122,1.316,0.006,2.074,1,0
1.374,0.384,1.066,1.342,0.034,2.076,1,0
1.342,0.58,1.034,1.354,0.062,2.08,1,0
1.25,0.754,1.026,1.352,0.086,2.09,1,0
1.13,0.872,1.04,1.354,0.092,2.104,1,0
1.012,0.94,1.066,1.358,0.074,2.108,1,0
0.96,0.98,1.09,1.358,0.06,2.112,1,0
0.976,0.988,1.128,1.358,0.046,2.116,1,0
0.992,0.996,1.166,1.358,0.032,2.12,1,0
1.052,1.014,1.254,1.348,0.042,2.126,1,0
1.112,1.032,1.342,1.338,0.052,2.132,1,0
1.172,1.05,1.43,1.332,0.058,2.138,1,0
1.232,1.018,1.526,1.326,0.064,2.144,1,0
1.292,0.986,1.622,1.32,0.062,2.156,1,0
1.308,0.944,1.668,1.32,0.054,2.162,1,0
1.314,0.85,1.748,1.32,0.046,2.168,1,0
1.32,0.756,1.828,1.312,0.036,2.176,1,0
1.31,0.704,1.862,1.304,0.026,2.184,1,0
1.288,0.576,1.918,1.296,0.024,2.186,1,0
1.266,0.448,1.974,1.288,0.022,2.188,1,0
1.254,0.372,1.996,1.28,0.02,2.19,1,0
1.24,0.252,2.03,1.28,0.02,2.19,1,0
1.226,0.132,2.064,1.282,0.018,2.192,1,0
1.224,0.088,2.076,1.284,0.016,2.194,1,0
1.222,0.044,2.088,1.286,0.014,2.196,1,0
1.238,-0.026,2.112,1.288,0.012,2.198,1,0
1.256,-0.052,2.124,1.288,0.016,2.202,1,0
1.274,-0.078,2.136,1.286,0.022,2.204,1,0
1.292,-0.104,2.148,1.284,0.028,2.206,1,0
1.31,-0.13,2.16,1.28,0.044,2.216,1,0
1.346,-0.16,2.17,1.276,0.06,2.226,1,0
1.382,-0.19,2.18,1.274,0.07,2.234,1,0
1.422,-0.242,2.204,1.272,0.08,2.242,1,0
1.462,-0.294,2.228,1.274,0.096,2.26,1,0
1.502,-0.346,2.252,1.278,0.102,2.27,1,0
1.506,-0.368,2.266,1.282,0.108,2.28,1,0
1.51,-0.39,2.28,1.296,0.116,2.3,1,0
1.508,-0.398,2.3,1.31,0.124,2.32,1,0
1.506,-0.406,2.32,1.32,0.126,2.33,1,0
1.516,-0.412,2.36,1.33,0.128,2.34,1,0
1.526,-0.418,2.4,1.36,0.138,2.372,1,0
1.514,-0.458,2.462,1.4,0.148,2.412,1,0
1.504,-0.49,2.504,1.444,0.162,2.458,1,0
1.456,-0.536,2.59,1.488,0.176,2.504,1,0
1.396,-0.584,2.656,1.534,0.184,2.572,1,0
1.228,-0.574,2.788,1.56,0.184,2.618,1,0
1.094,-0.548,2.728,1.574,0.164,2.658,1,0
0.96,-0.522,2.668,1.642,0.074,2.622,1,0
0.868,-0.476,2.514,1.71,-0.016,2.586,1,0
0.776,-0.43,2.36,1.774,-0.106,2.512,1,1
0.786,-0.432,2.09,1.838,-0.196,2.438,1,1
0.8,-0.412,1.95,1.878,-0.282,2.332,1,1
0.814,-0.386,1.772,1.86,-0.302,2.296,1,1
0.84,-0.396,1.554,1.842,-0.322,2.26,1,1
0.886,-0.328,1.288,1.448,-0.324,1.982,1,1
0.94,-0.25,1.082,1.054,-0.326,1.704,1,1
0.968,-0.14,0.97,0.674,-0.312,1.432,1,1
0.996,-0.036,0.896,0.356,-0.338,1.128,1,1
1.008,0.036,0.906,0.038,-0.364,0.824,1,1
1.002,0.012,0.956,0.134,-0.406,0.774,1,1
0.994,-0.032,0.996,0.284,-0.464,0.658,1,1
0.996,-0.112,0.982,0.436,-0.524,0.556,1,1
0.996,-0.224,0.934,0.526,-0.498,0.468,1,1
0.996,-0.274,0.892,0.612,-0.446,0.364,1,1
0.992,-0.306,0.846,0.662,-0.39,0.264,1,1
0.988,-0.338,0.8,0.654,-0.286,0.212,1,1
0.982,-0.372,0.742,0.646,-0.182,0.16,1,1
0.978,-0.374,0.718,0.628,-0.09,0.084,1,1
0.974,-0.376,0.694,0.614,-0.024,0.024,1,1
0.97,-0.372,0.67,0.58,0.076,-0.078,1,1
0.966,-0.368,0.646,0.55,0.144,-0.162,1,1
0.97,-0.318,0.612,0.52,0.212,-0.246,1,1
0.974,-0.26,0.578,0.494,0.254,-0.31,1,1
0.978,-0.202,0.544,0.458,0.282,-0.394,1,1
0.988,-0.134,0.526,0.436,0.27,-0.456,1,1
0.998,-0.066,0.508,0.41,0.25,-0.538,1,1
1,-0.044,0.518,0.384,0.23,-0.62,1,1
1.002,-0.03,0.528,0.364,0.202,-0.68,1,1
1.004,-0.016,0.542,0.388,0.064,-1.08,1,1
0.998,-0.022,0.554,0.426,-0.068,-1.498,1,1
0.998,-0.044,0.59,0.468,-0.192,-1.896,1,1
1,-0.064,0.62,0.51,-0.316,-2.294,1,1
1,-0.084,0.652,0.556,-0.44,-2.762,1,1
0.998,-0.112,0.676,0.574,-0.444,-3.104,1,1
1.004,-0.128,0.698,0.584,-0.448,-3.408,1,1
1.004,-0.128,0.696,0.592,-0.446,-3.732,1,1
1,-0.134,0.694,0.6,-0.444,-4.056,1,1
0.998,-0.146,0.696,0.604,-0.442,-4.31,1,1
1,-0.164,0.7,0.602,-0.436,-4.33,1,1
0.996,-0.184,0.704,0.596,-0.426,-4.368,1,1
0.992,-0.204,0.708,0.59,-0.418,-4.444,1,1
0.992,-0.218,0.692,0.586,-0.406,-4.534,1,1
0.99,-0.228,0.67,0.582,-0.394,-4.624,1,1
0.986,-0.224,0.65,0.584,-0.368,-4.754,1,1
0.984,-0.226,0.63,0.59,-0.346,-4.866,1,1
0.986,-0.23,0.604,0.616,-0.312,-5,1,1
0.986,-0.23,0.594,0.67,-0.262,-5.182,1,1
0.988,-0.23,0.582,0.74,-0.22,-5.374,1,1
0.988,-0.226,0.568,0.804,-0.192,-5.526,1,1
0.988,-0.222,0.554,0.886,-0.16,-5.694,1,1
0.984,-0.216,0.546,0.96,-0.156,-5.79,1,1
0.978,-0.22,0.546,1.004,-0.172,-5.824,1,1
0.972,-0.222,0.548,1.114,-0.16,-5.878,1,1
0.972,-0.232,0.556,1.224,-0.148,-5.932,1,1
0.976,-0.226,0.552,1.316,-0.14,-5.97,1,1
0.98,-0.22,0.548,1.434,-0.12,-5.998,1,1
0.988,-0.208,0.54,1.552,-0.1,-6.026,1,1
0.996,-0.196,0.532,1.632,-0.054,-5.864,1,1
1,-0.18,0.52,1.71,0.00999999999999999,-5.654,1,1
1,-0.176,0.524,1.784,0.084,-5.388,1,1
1.002,-0.162,0.536,1.822,0.158,-5.124,1,1
1.02,-0.086,0.638,1.86,0.232,-4.86,1,2
1.036,-0.01,0.76,1.854,0.26,-4.756,1,2
1.052,0.066,0.882,1.838,0.266,-4.634,1,2
1.074,0.136,1.022,1.808,0.262,-4.422,1,2
1.094,0.196,1.154,1.594,0.212,-3.782,1,2
1.098,0.194,1.196,1.326,0.138,-3.038,1,2
1.114,0.16,1.296,1.058,0.064,-2.294,1,2
1.13,0.12,1.404,0.728,-0.034,-1.404,1,2
1.142,0.076,1.496,0.462,-0.286,-0.122,1,2
1.154,0.032,1.588,0.706,-0.468,0.724,1,2
1.164,-0.054,1.702,0.868,-0.048,1.412,1,2
1.166,-0.116,1.736,1.03,0.372,2.1,1,2
1.168,-0.172,1.762,1.306,0.82,2.624,1,3
1.18,-0.228,1.776,1.536,1.422,2.61,1,3
1.202,-0.28,1.788,1.394,1.938,2.64,1,3
1.232,-0.286,1.774,1.388,1.876,2.724,1,3
1.26,-0.284,1.762,1.292,1.742,2.816,1,3
1.294,-0.262,1.752,1.156,1.608,2.86,1,3
1.312,-0.224,1.752,0.978,1.41,2.902,1,3
1.32,-0.19,1.754,0.844,1.214,2.882,1,3
1.32,-0.14,1.78,0.738,0.978,2.834,1,3
1.332,-0.084,1.88,0.842,0.6,2.618,1,3
1.338,-0.044,1.978,0.946,0.222,2.402,1,3
1.342,-0.002,2.074,1.07,-0.144,2.162,1,3
1.396,0.074,2.204,1.196,-0.45,1.948,1,3
1.49,0.102,2.322,1.348,-0.628,1.836,1,3
1.572,0.116,2.368,1.36,-0.62,1.908,1,3
1.654,0.126,2.414,1.348,-0.596,2.004,1,3
1.748,0.12,2.46,1.358,-0.52,2.126,1,3
1.782,0.054,2.474,1.364,-0.426,2.27,1,3
1.74,-0.002,2.476,1.316,-0.42,2.34,1,3
1.69,-0.064,2.474,1.288,-0.386,2.386,1,3
1.64,-0.126,2.472,1.22,-0.352,2.5,1,3
1.564,-0.208,2.454,1.152,-0.318,2.614,1,3
1.498,-0.264,2.434,1.084,-0.342,2.666,1,3
1.47,-0.312,2.41,1.016,-0.366,2.718,1,3
1.45,-0.346,2.388,0.948,-0.39,2.77,1,3
1.432,-0.378,2.358,0.944,-0.43,2.73,1,3
1.434,-0.386,2.342,0.974,-0.414,2.618,1,3
1.44,-0.418,2.314,1.008,-0.358,2.546,1,4
1.446,-0.44,2.294,1.022,-0.354,2.418,1,4
1.212,-0.578,2.1,1.036,-0.35,2.29,1,4
0.932,-0.684,1.874,1.046,-0.282,2.132,1,4
0.652,-0.79,1.648,1.014,-0.302,2.004,1,4
0.368,-0.872,1.434,0.976,-0.316,1.842,1,4
0.11,-0.888,1.192,0.98,-0.264,1.704,1,4
0.092,-0.788,1.124,0.984,-0.202,1.432,1,4
0.118,-0.722,1.096,0.992,-0.204,1.19,1,4
0.224,-0.686,0.996,1,-0.188,0.992,1,4
0.33,-0.65,0.896,1.014,-0.178,0.828,1,4
0.396,-0.696,0.8,1.004,-0.172,0.704,1,4
0.462,-0.742,0.704,1.002,-0.186,0.712,1,4
0.536,-0.776,0.586,1,-0.2,0.72,1,4
0.544,-0.694,0.434,1.006,-0.2,0.726,1,4
0.552,-0.612,0.282,1.006,-0.182,0.72,1,4
0.548,-0.452,0.144,1.008,-0.174,0.706,1,4
0.544,-0.292,0.00599999999999999,1,-0.138,0.684,1,4
0.532,-0.144,-0.11,0.992,-0.102,0.662,1,4
0.428,-0.13,-0.152,0.988,-0.074,0.634,1,4
0.322,-0.142,-0.234,0.99,-0.064,0.618,1,4
0.242,-0.216,-0.306,0.996,-0.056,0.592,1,4
0.162,-0.324,-0.432,0.996,-0.07,0.566,1,4
0.082,-0.446,-0.592,0.998,-0.082,0.528,1,4
0.09,-0.538,-0.754,0.996,-0.086,0.496,1,4
0.128,-0.614,-1.026,0.99,-0.082,0.43,1,4
0.166,-0.69,-1.298,0.982,-0.076,0.374,1,4
0.218,-0.746,-1.548,0.982,-0.066,0.328,1,4
0.268,-0.774,-1.798,0.98,-0.058,0.294,1,4
0.308,-0.784,-2.014,0.98,-0.048,0.26,1,4
0.32,-0.784,-2.08,0.984,-0.046,0.26,1,4
0.332,-0.784,-2.146,0.986,-0.044,0.26,1,4
0.33,-0.77,-2.18,0.994,-0.048,0.256,1,4
0.326,-0.766,-2.214,1.002,-0.052,0.252,1,4
0.322,-0.762,-2.248,1.008,-0.058,0.248,1,4
0.318,-0.758,-2.282,1.012,-0.064,0.24,1,4
0.312,-0.734,-2.346,1.016,-0.07,0.232,1,4
0.306,-0.71,-2.41,1.014,-0.07,0.228,1,4
0.302,-0.68,-2.468,1.008,-0.07,0.218,1,4
0.298,-0.65,-2.526,1.002,-0.07,0.208,1,4
0.294,-0.62,-2.584,0.998,-0.07,0.202,1,4
0.29,-0.6,-2.64,0.994,-0.07,0.196,1,4
0.286,-0.58,-2.696,0.99,-0.07,0.19,1,4
0.284,-0.57,-2.724,0.99,-0.072,0.186,1,4
0.282,-0.56,-2.752,0.99,-0.074,0.182,1,4
0.282,-0.538,-2.804,0.99,-0.076,0.178,1,4
0.284,-0.526,-2.828,0.988,-0.074,0.174,1,4
0.286,-0.514,-2.852,0.986,-0.072,0.17,1,4
0.286,-0.494,-2.898,0.984,-0.068,0.17,1,4
0.286,-0.474,-2.944,0.982,-0.064,0.17,1,4
0.284,-0.466,-2.966,0.98,-0.062,0.168,1,4
0.282,-0.458,-2.988,0.98,-0.064,0.166,1,4
0.28,-0.442,-3.03,0.98,-0.066,0.164,1,4
0.28,-0.434,-3.05,0.98,-0.068,0.162,1,4
0.28,-0.426,-3.07,0.98,-0.07,0.16,1,4
0.284,-0.41,-3.108,0.98,-0.07,0.16,1,4
0.288,-0.394,-3.146,0.982,-0.066,0.16,1,4
0.292,-0.386,-3.164,0.984,-0.062,0.16,1,4
0.296,-0.378,-3.182,0.986,-0.058,0.16,1,4
0.304,-0.36,-3.212,0.988,-0.054,0.16,1,4
0.308,-0.35,-3.224,0.988,-0.05,0.16,1,4
0.312,-0.34,-3.236,0.986,-0.05,0.16,1,4
0.316,-0.33,-3.248,0.984,-0.05,0.16,1,4
0.32,-0.32,-3.26,0.982,-0.05,0.16,1,4
0.32,-0.318,-3.274,0.98,-0.05,0.16,1,4
0.32,-0.316,-3.288,0.98,-0.046,0.16,1,4
0.32,-0.314,-3.302,0.98,-0.042,0.16,1,4
0.32,-0.312,-3.316,0.98,-0.038,0.16,1,4
0.326,-0.308,-3.34,0.98,-0.034,0.16,1,4
0.332,-0.306,-3.35,0.98,-0.03,0.16,1,4
0.338,-0.304,-3.36,0.98,-0.026,0.158,1,4
0.346,-0.302,-3.38,0.98,-0.022,0.156,1,4
0.354,-0.3,-3.4,0.98,-0.016,0.154,1,4
0.356,-0.3,-3.41,0.98,-0.01,0.152,1,4
0.362,-0.302,-3.43,0.98,-0.004,0.15,1,4
0.368,-0.304,-3.45,0.98,-0.002,0.15,1,4
0.372,-0.306,-3.46,0.982,0.01,0.15,1,4
0.376,-0.308,-3.47,0.984,0.02,0.15,1,4
0.382,-0.308,-3.49,0.986,0.03,0.15,1,4
0.384,-0.306,-3.5,0.986,0.042,0.15,1,4
0.386,-0.304,-3.51,0.986,0.054,0.15,1,4
0.394,-0.3,-3.528,0.984,0.056,0.15,1,4
0.402,-0.296,-3.546,0.982,0.058,0.15,1,4
0.408,-0.294,-3.554,0.98,0.062,0.152,1,4
0.414,-0.292,-3.562,0.98,0.064,0.154,1,4
0.42,-0.29,-3.57,0.98,0.066,0.156,1,4
0.42,-0.29,-3.57,0.98,0.068,0.158,1,4
0.424,-0.284,-3.578,0.98,0.07,0.16,1,4
0.428,-0.278,-3.586,0.978,0.07,0.162,1,4
0.432,-0.272,-3.594,0.976,0.07,0.164,1,4
0.44,-0.268,-3.61,0.974,0.07,0.166,1,4
0.448,-0.264,-3.626,0.974,0.068,0.17,1,4
0.452,-0.266,-3.634,0.974,0.066,0.174,1,4
0.456,-0.268,-3.642,0.976,0.064,0.176,1,4
0.462,-0.268,-3.658,0.978,0.062,0.178,1,4
0.464,-0.266,-3.666,0.98,0.06,0.18,1,4
0.466,-0.264,-3.674,0.98,0.058,0.182,1,4
0.468,-0.262,-3.682,0.98,0.056,0.184,1,4
0.476,-0.262,-3.7,0.98,0.054,0.186,1,4
0.482,-0.264,-3.71,0.986,0.052,0.188,1,4
0.488,-0.266,-3.72,0.992,0.05,0.19,1,4
0.5,-0.264,-3.74,0.998,0.05,0.19,1,4
0.512,-0.262,-3.76,1.004,0.05,0.19,1,4
0.518,-0.258,-3.77,1.008,0.046,0.192,1,4
0.524,-0.254,-3.78,1.006,0.042,0.194,1,4
0.53,-0.25,-3.79,1.004,0.038,0.196,1,4
0.534,-0.25,-3.8,1.002,0.034,0.198,1,4
0.552,-0.242,-3.83,1.004,0.026,0.202,1,4
0.57,-0.234,-3.86,1.002,0.024,0.204,1,4
0.602,-0.224,-3.922,1.006,0.018,0.206,1,4
0.634,-0.214,-3.984,1.004,0.014,0.216,1,4
0.666,-0.2,-4.05,1.002,0.01,0.228,1,4
0.69,-0.198,-4.108,0.998,0.012,0.24,1,4
0.714,-0.196,-4.166,0.998,0.012,0.252,1,4
0.724,-0.196,-4.206,0.992,0.014,0.268,1,4
0.734,-0.196,-4.246,0.992,0.02,0.28,1,4
0.748,-0.206,-4.298,0.992,0.026,0.29,1,4
0.756,-0.212,-4.338,0.992,0.03,0.3,1,4
0.77,-0.22,-4.388,0.99,0.05,0.328,1,4
0.784,-0.228,-4.424,0.988,0.074,0.36,1,4
0.806,-0.244,-4.472,0.986,0.092,0.394,1,4
0.82,-0.254,-4.494,0.982,0.116,0.436,1,4
0.856,-0.258,-4.53,0.974,0.146,0.494,1,4
0.886,-0.26,-4.556,0.97,0.166,0.554,1,4
0.922,-0.26,-4.584,0.966,0.184,0.606,1,4
0.956,-0.252,-4.596,0.96,0.208,0.676,1,4
0.99,-0.244,-4.608,0.956,0.222,0.752,1,4
1.006,-0.242,-4.6,0.954,0.23,0.824,1,4
1.022,-0.24,-4.592,0.952,0.232,0.876,1,4
1.04,-0.24,-4.574,0.95,0.232,0.944,1,4
1.056,-0.242,-4.55,0.95,0.226,0.988,1,4
1.072,-0.244,-4.526,0.946,0.218,1.05,1,4
1.09,-0.248,-4.5,0.946,0.21,1.114,1,4
1.108,-0.252,-4.474,0.948,0.202,1.194,1,4
1.128,-0.256,-4.444,0.948,0.194,1.274,1,4
1.158,-0.31,-3.81,0.952,0.182,1.37,1,4
1.188,-0.364,-3.176,0.96,0.176,1.434,1,4
1.248,-0.4,-2.494,0.962,0.164,1.506,1,4
1.316,-0.442,-1.758,0.962,0.152,1.562,1,4
1.374,-0.484,-1.034,0.964,0.138,1.616,1,4
1.418,-0.474,-0.924,0.968,0.122,1.66,1,4
1.462,-0.464,-0.814,0.972,0.106,1.704,1,4
1.456,-0.466,-0.704,0.972,0.096,1.732,1,4
1.442,-0.462,-0.648,1,0.042,1.794,1,4
1.404,-0.456,-0.534,1.028,-0.008,1.842,1,4
1.366,-0.45,-0.42,1.05,-0.052,1.884,1,4
1.236,-0.512,-0.08,1.09,-0.096,1.926,1,0
1.12,-0.578,0.204,1.164,-0.14,1.96,1,0
1.004,-0.644,0.488,1.21,-0.14,1.96,1,0
0.942,-0.642,0.722,1.254,-0.144,1.958,1,0
0.88,-0.64,0.956,1.298,-0.148,1.956,1,0
0.91,-0.57,0.964,1.324,-0.152,1.954,1,0
0.94,-0.5,0.972,1.31,-0.152,1.948,1,0
1.058,-0.348,0.984,1.296,-0.152,1.942,1,0
1.146,-0.266,0.988,1.284,-0.148,1.938,1,0
1.234,-0.184,0.992,1.268,-0.142,1.932,1,0
1.322,-0.102,0.996,1.252,-0.136,1.926,1,0
1.452,0.016,0.994,1.248,-0.134,1.924,1,0
1.472,0.122,0.988,1.244,-0.132,1.922,1,0
1.492,0.228,0.982,1.238,-0.13,1.916,1,0
1.512,0.334,0.976,1.236,-0.13,1.912,1,0
1.532,0.44,0.97,1.234,-0.13,1.908,1,0
1.474,0.564,0.986,1.232,-0.13,1.904,1,0
1.438,0.618,1.002,1.236,-0.128,1.896,1,0
1.402,0.672,1.018,1.242,-0.126,1.892,1,0
1.366,0.726,1.034,1.25,-0.116,1.884,1,0
1.312,0.82,1.082,1.258,-0.106,1.876,1,0
1.294,0.86,1.114,1.266,-0.096,1.868,1,0
1.278,0.944,1.196,1.27,-0.084,1.86,1,0
1.262,1.028,1.278,1.274,-0.072,1.852,1,0
1.246,1.112,1.36,1.276,-0.068,1.848,1,0
1.272,1.146,1.468,1.278,-0.064,1.844,1,0
1.298,1.18,1.576,1.286,-0.06,1.84,1,0
1.322,1.17,1.634,1.292,-0.06,1.84,1,0
1.348,1.142,1.744,1.294,-0.05,1.846,1,0
1.374,1.114,1.854,1.296,-0.04,1.852,1,0
1.376,1.096,1.906,1.292,-0.028,1.866,1,0
1.34,1.026,1.998,1.282,-0.016,1.88,1,0
1.304,0.956,2.09,1.272,-0.004,1.894,1,0
1.252,0.856,2.156,1.266,-0.002,1.902,1,0
1.19,0.718,2.234,1.25,-0.004,1.918,1,0
1.122,0.522,2.31,1.24,-0.008,1.926,1,0
1.098,0.366,2.338,1.216,-0.006,1.956,1,0
1.074,0.21,2.366,1.214,0.006,2.024,1,0
1.09,0.054,2.338,1.212,0.018,2.092,1,0
1.116,-0.064,2.298,1.254,0.048,2.198,1,0
1.106,-0.146,2.272,1.296,0.078,2.304,1,0
1.076,-0.262,2.264,1.352,0.102,2.388,1,0
1.07,-0.398,2.266,1.388,0.114,2.44,1,0
1.062,-0.482,2.304,1.424,0.126,2.492,1,0
1.048,-0.586,2.334,1.424,0.122,2.506,1,0
1.076,-0.668,2.352,1.426,0.108,2.524,1,0
1.078,-0.584,2.336,1.428,0.086,2.544,1,0
1.056,-0.48,2.31,1.454,0.05,2.558,1,0
1.01,-0.38,2.278,1.542,-0.022,2.542,1,0
0.954,-0.256,2.254,1.634,-0.094,2.502,1,0
0.9,-0.136,2.226,1.724,-0.156,2.458,1,0
0.896,-0.138,1.99,1.814,-0.21,2.412,1,1
0.892,-0.14,1.754,1.876,-0.232,2.35,1,1
0.888,-0.142,1.518,1.752,-0.254,2.17,1,1
0.928,-0.124,1.272,1.58,-0.282,1.98,1,1
0.966,-0.102,1.03,1.408,-0.31,1.79,1,1
0.992,-0.076,1.03,1.004,-0.316,1.466,1,1
1.018,-0.048,1.038,0.616,-0.354,1.152,1,1
1.042,-0.018,1.056,0.352,-0.356,0.986,1,1
1.04,-0.018,1.092,0.134,-0.35,0.846,1,1
1.03,-0.03,1.134,-0.084,-0.344,0.706,1,1
1.022,-0.044,1.166,-0.038,-0.378,0.682,1,1
1.014,-0.06,1.19,-0.00600000000000001,-0.396,0.664,1,1
1.008,-0.078,1.204,0.04,-0.42,0.638,1,1
1,-0.108,1.206,0.092,-0.468,0.602,1,1
0.998,-0.132,1.192,0.162,-0.514,0.556,1,1
0.996,-0.156,1.178,0.2,-0.542,0.528,1,1
0.99,-0.19,1.154,0.276,-0.584,0.492,1,1
0.984,-0.224,1.13,0.338,-0.62,0.464,1,1
0.978,-0.26,1.066,0.418,-0.642,0.406,1,1
0.974,-0.292,0.988,0.486,-0.568,0.292,1,1
0.968,-0.294,0.844,0.554,-0.494,0.178,1,1
0.966,-0.286,0.71,0.544,-0.328,-0.054,1,1
0.964,-0.278,0.576,0.526,-0.172,-0.304,1,1
0.964,-0.238,0.49,0.48,-0.024,-0.532,1,1
0.964,-0.196,0.428,0.428,0.022,-0.714,1,1
0.97,-0.182,0.448,0.376,0.068,-0.896,1,1
0.976,-0.168,0.468,0.362,0.022,-0.974,1,1
0.98,-0.15,0.49,0.352,-0.036,-1.06,1,1
0.982,-0.144,0.508,0.35,-0.084,-1.148,1,1
0.984,-0.148,0.526,0.348,-0.124,-1.236,1,1
0.982,-0.154,0.528,0.338,-0.21,-1.354,1,1
0.982,-0.16,0.532,0.336,-0.28,-1.48,1,1
0.986,-0.172,0.532,0.338,-0.328,-1.58,1,1
0.986,-0.186,0.532,0.346,-0.364,-1.688,1,1
0.99,-0.198,0.526,0.354,-0.404,-1.776,1,1
0.994,-0.21,0.52,0.392,-0.414,-2.008,1,1
0.994,-0.22,0.49,0.424,-0.426,-2.21,1,1
0.992,-0.228,0.462,0.468,-0.438,-2.47,1,1
0.992,-0.232,0.434,0.502,-0.454,-2.702,1,1
0.988,-0.228,0.412,0.536,-0.47,-2.934,1,1
0.986,-0.224,0.386,0.554,-0.472,-3.02,1,1
0.986,-0.222,0.382,0.58,-0.476,-3.138,1,1
0.986,-0.22,0.378,0.602,-0.476,-3.258,1,1
0.988,-0.218,0.372,0.624,-0.476,-3.378,1,1
0.988,-0.216,0.364,0.646,-0.476,-3.498,1,1
0.986,-0.212,0.358,0.664,-0.418,-3.71,1,1
0.984,-0.216,0.362,0.664,-0.37,-3.902,1,1
0.982,-0.22,0.366,0.676,-0.288,-4.108,1,1
0.98,-0.226,0.372,0.688,-0.206,-4.314,1,1
0.98,-0.23,0.38,0.7,-0.124,-4.52,1,1
0.98,-0.236,0.39,0.718,-0.102,-4.618,1,1
0.982,-0.244,0.396,0.756,-0.066,-4.716,1,1
0.986,-0.252,0.392,0.788,-0.072,-4.766,1,1
0.992,-0.254,0.384,0.826,-0.082,-4.826,1,1
0.998,-0.258,0.376,0.87,-0.094,-4.896,1,1
1.004,-0.262,0.368,0.914,-0.104,-4.964,1,1
1.01,-0.256,0.35,0.956,-0.118,-5.026,1,1
1.014,-0.25,0.342,0.984,-0.128,-5.062,1,1
1.016,-0.25,0.338,1.014,-0.138,-5.094,1,1
1.018,-0.25,0.334,1.05,-0.148,-5.122,1,1
1.018,-0.248,0.324,1.078,-0.156,-5.14,1,1
1.016,-0.246,0.318,1.108,-0.164,-5.156,1,1
1.014,-0.244,0.312,1.138,-0.172,-5.172,1,1
1.012,-0.242,0.304,1.16,-0.176,-5.182,1,1
1.01,-0.24,0.296,1.17,-0.178,-5.186,1,1
1.01,-0.24,0.294,1.188,-0.184,-5.194,1,1
1.01,-0.24,0.292,1.196,-0.188,-5.198,1,1
1.01,-0.234,0.29,1.204,-0.192,-5.202,1,1
1.01,-0.228,0.29,1.212,-0.196,-5.206,1,1
1.01,-0.222,0.29,1.236,-0.188,-5.21,1,1
1.01,-0.216,0.29,1.252,-0.176,-5.21,1,1
1.008,-0.208,0.29,1.268,-0.164,-5.21,1,1
1.006,-0.206,0.294,1.286,-0.174,-5.214,1,1
1.004,-0.204,0.298,1.324,-0.184,-5.222,1,1
1.004,-0.198,0.314,1.346,-0.206,-5.23,1,1
1.006,-0.19,0.334,1.368,-0.228,-5.238,1,1
1.01,-0.184,0.354,1.396,-0.246,-5.246,1,1
1.014,-0.178,0.37,1.464,-0.232,-5.194,1,1
1.018,-0.172,0.386,1.526,-0.226,-5.116,1,1
1.018,-0.164,0.392,1.598,-0.222,-5.016,1,1
1.016,-0.152,0.4,1.676,-0.206,-4.854,1,1
1.02,-0.134,0.414,1.748,-0.194,-4.692,1,1
1.024,-0.072,0.54,1.638,-0.236,-4.1,1,1
1.036,-0.042,0.766,1.514,-0.27,-3.53,1,1
1.05,-0.018,0.99,1.296,-0.348,-2.396,1,1
1.066,0.004,1.226,1.126,-0.428,-1.248,1,2
1.08,0.006,1.464,1.004,-0.508,-0.0379999999999999,1,2
1.098,-0.042,1.598,1.022,-0.544,0.686,1,2
1.124,-0.06,1.638,1.04,-0.58,1.41,1,2
1.16,-0.1,1.68,1.142,-0.57,1.548,1,2
1.192,-0.148,1.696,1.19,-0.57,1.61,1,2
1.22,-0.182,1.704,1.158,-0.614,1.626,1,2
1.236,-0.21,1.7,1.07,-0.636,1.636,1,2
1.236,-0.236,1.69,0.982,-0.624,1.638,1,2
1.23,-0.236,1.676,0.944,-0.522,1.632,1,2
1.226,-0.232,1.67,0.94,-0.402,1.612,1,2
1.222,-0.224,1.662,1.006,-0.146,1.574,1,3
1.23,-0.216,1.656,1.116,0.126,1.556,1,3
1.238,-0.208,1.65,1.166,0.438,1.612,1,3
1.242,-0.204,1.646,1.162,0.658,1.712,1,3
1.258,-0.172,1.67,1.124,0.86,1.826,1,3
1.274,-0.144,1.696,1.05,0.902,2.02,1,3
1.28,-0.116,1.748,0.988,0.906,2.2,1,3
1.28,-0.09,1.812,0.986,0.836,2.314,1,3
1.28,-0.064,1.876,0.956,0.756,2.394,1,3
1.268,-0.066,1.912,0.926,0.676,2.474,1,3
1.256,-0.072,1.956,0.874,0.626,2.47,1,3
1.25,-0.078,1.976,0.822,0.576,2.466,1,3
1.25,-0.082,1.984,0.77,0.526,2.462,1,3
1.25,-0.086,1.992,0.75,0.488,2.456,1,3
1.25,-0.09,2,0.73,0.45,2.45,1,3
1.252,-0.09,2.006,0.722,0.42,2.438,1,3
1.254,-0.09,2.012,0.714,0.39,2.426,1,3
1.256,-0.09,2.018,0.706,0.36,2.414,1,3
1.258,-0.088,2.028,0.722,0.318,2.394,1,3
1.26,-0.086,2.038,0.738,0.276,2.374,1,3
1.26,-0.084,2.042,0.762,0.264,2.366,1,3
1.262,-0.08,2.046,0.838,0.212,2.326,1,3
1.264,-0.076,2.05,0.936,0.15,2.268,1,3
1.268,-0.068,2.052,1.01,0.1,2.218,1,3
1.272,-0.06,2.054,1.098,0.036,2.152,1,3
1.28,-0.046,2.056,1.186,-0.028,2.086,1,3
1.292,-0.024,2.066,1.222,-0.052,2.052,1,3
1.304,-0.002,2.076,1.236,-0.066,2.036,1,3
1.314,0.014,2.084,1.26,-0.09,2.004,1,3
1.324,0.03,2.092,1.27,-0.1,1.988,1,3
1.33,0.05,2.102,1.28,-0.11,1.972,1,3
1.33,0.06,2.104,1.296,-0.134,1.94,1,3
1.33,0.07,2.106,1.312,-0.158,1.908,1,3
1.334,0.082,2.114,1.318,-0.172,1.892,1,3
1.338,0.094,2.122,1.318,-0.2,1.864,1,3
1.342,0.096,2.128,1.318,-0.228,1.836,1,3
1.346,0.098,2.134,1.312,-0.242,1.824,1,3
1.352,0.108,2.142,1.306,-0.256,1.812,1,3
1.354,0.116,2.144,1.294,-0.286,1.794,1,3
1.356,0.124,2.146,1.288,-0.302,1.788,1,3
1.358,0.132,2.148,1.282,-0.318,1.782,1,3
1.362,0.148,2.154,1.276,-0.334,1.776,1,3
1.364,0.156,2.158,1.258,-0.366,1.764,1,3
1.366,0.164,2.162,1.246,-0.382,1.758,1,3
1.368,0.172,2.166,1.242,-0.38,1.766,1,3
1.376,0.186,2.174,1.238,-0.378,1.774,1,3
1.382,0.192,2.178,1.234,-0.376,1.782,1,3
1.388,0.198,2.182,1.242,-0.358,1.796,1,3
1.404,0.2,2.192,1.25,-0.39,1.802,1,3
1.42,0.202,2.202,1.25,-0.44,1.794,1,3
1.43,0.198,2.208,1.25,-0.49,1.786,1,3
1.44,0.194,2.214,1.204,-0.556,1.784,1,3
1.454,0.18,2.224,1.158,-0.622,1.782,1,3
1.458,0.17,2.228,1.112,-0.638,1.788,1,3
1.468,0.17,2.236,1.066,-0.654,1.794,1,3
1.522,0.148,2.266,1.07,-0.686,1.82,1,3
1.576,0.126,2.296,1.12,-0.702,1.84,1,3
1.626,0.114,2.322,1.166,-0.684,1.864,1,3
1.682,0.072,2.356,1.212,-0.666,1.888,1,3
1.654,-0.042,2.36,1.188,-0.566,1.962,1,3
1.582,-0.134,2.342,1.114,-0.45,2.016,1,3
1.51,-0.226,2.324,1.054,-0.314,2.048,1,3
1.448,-0.332,2.268,0.998,-0.212,2.076,1,3
1.38,-0.408,2.204,0.942,-0.11,2.104,1,3
1.39,-0.422,2.166,0.962,-0.092,2.028,1,4
1.35,-0.492,2.094,0.978,-0.00800000000000001,1.948,1,4
1.31,-0.562,2.022,0.98,0.056,1.89,1,4
1.234,-0.64,1.974,1,0.078,1.8,1,4
1.158,-0.718,1.926,1.008,0.126,1.668,1,4
1.082,-0.796,1.878,1.014,0.118,1.472,1,4
1.03,-0.832,1.846,1.024,0.044,1.28,1,4
0.89,-0.784,1.586,1.034,-0.03,1.088,1,4
0.79,-0.722,1.322,1.026,-0.062,0.928,1,4
0.694,-0.656,1.048,1.034,-0.164,0.788,1,4
0.592,-0.612,0.756,1.038,-0.208,0.766,1,4
0.516,-0.554,0.482,1.018,-0.22,0.752,1,4
0.528,-0.58,0.436,1.008,-0.194,0.738,1,4
0.526,-0.6,0.38,0.998,-0.168,0.724,1,4
0.53,-0.614,0.308,0.984,-0.098,0.732,1,4
0.54,-0.606,0.254,0.976,-0.024,0.74,1,4
0.552,-0.576,0.166,0.992,0.018,0.74,1,4
0.564,-0.546,0.078,0.998,0.022,0.74,1,4
0.524,-0.42,-0.068,1.004,0.026,0.74,1,4
0.468,-0.318,-0.198,1.006,0.024,0.734,1,4
0.412,-0.216,-0.328,1.004,0.022,0.72,1,4
0.354,-0.136,-0.424,1.004,0.016,0.696,1,4
0.28,-0.074,-0.536,1,0.01,0.664,1,4
0.258,-0.106,-0.562,0.996,0.004,0.632,1,4
0.24,-0.14,-0.596,0.996,0.004,0.596,1,4
0.218,-0.186,-0.652,0.992,0,0.562,1,4
0.196,-0.232,-0.708,0.986,-0.026,0.516,1,4
0.206,-0.326,-0.892,0.984,-0.052,0.478,1,4
0.216,-0.42,-1.076,0.98,-0.056,0.44,1,4
0.228,-0.498,-1.242,0.976,-0.06,0.412,1,4
0.244,-0.564,-1.386,0.974,-0.072,0.382,1,4
0.284,-0.64,-1.658,0.972,-0.058,0.374,1,4
0.308,-0.65,-1.786,0.97,-0.042,0.368,1,4
0.334,-0.654,-1.946,0.97,-0.048,0.362,1,4
0.358,-0.658,-2.138,0.968,-0.054,0.358,1,4
0.382,-0.662,-2.33,0.97,-0.042,0.376,1,4
0.386,-0.644,-2.422,0.972,-0.03,0.394,1,4
0.388,-0.618,-2.542,0.974,-0.02,0.41,1,4
0.388,-0.598,-2.63,0.978,-0.012,0.428,1,4
0.392,-0.566,-2.712,0.984,-0.004,0.444,1,4
0.396,-0.534,-2.794,0.986,-0.006,0.446,1,4
0.396,-0.514,-2.848,0.988,-0.008,0.448,1,4
0.398,-0.502,-2.874,0.99,-0.008,0.454,1,4
0.4,-0.48,-2.922,0.99,-0.006,0.458,1,4
0.4,-0.47,-2.944,0.99,-0.004,0.462,1,4
0.4,-0.46,-2.966,0.99,-0.002,0.466,1,4
0.398,-0.448,-3.008,0.992,0.002,0.47,1,4
0.396,-0.436,-3.05,0.994,0.004,0.47,1,4
0.394,-0.434,-3.07,0.996,0.006,0.47,1,4
0.392,-0.432,-3.09,0.998,0.008,0.47,1,4
0.39,-0.43,-3.11,0.998,0.006,0.47,1,4
0.394,-0.424,-3.13,0.998,0.004,0.466,1,4
0.398,-0.418,-3.15,1,-0.004,0.458,1,4
0.402,-0.402,-3.22,1,-0.008,0.442,1,4
0.406,-0.386,-3.29,1,-0.012,0.426,1,4
0.412,-0.364,-3.372,1.002,-0.012,0.41,1,4
0.416,-0.348,-3.446,1.002,-0.014,0.398,1,4
0.424,-0.33,-3.53,1,-0.012,0.39,1,4
0.434,-0.322,-3.574,1,-0.014,0.39,1,4
0.444,-0.314,-3.618,0.998,-0.016,0.392,1,4
0.472,-0.308,-3.672,0.996,-0.018,0.394,1,4
0.498,-0.302,-3.714,0.998,-0.024,0.396,1,4
0.524,-0.294,-3.752,0.992,-0.026,0.398,1,4
0.55,-0.29,-3.79,0.986,-0.028,0.4,1,4
0.582,-0.284,-3.838,0.982,-0.03,0.4,1,4
0.594,-0.282,-3.864,0.982,-0.032,0.4,1,4
0.606,-0.28,-3.89,0.978,-0.03,0.4,1,4
0.614,-0.282,-3.91,0.98,-0.032,0.4,1,4
0.63,-0.272,-3.928,0.984,-0.034,0.398,1,4
0.64,-0.264,-3.946,0.988,-0.036,0.396,1,4
0.65,-0.256,-3.964,0.988,-0.042,0.394,1,4
0.674,-0.246,-4.018,0.988,-0.048,0.392,1,4
0.698,-0.236,-4.072,0.99,-0.052,0.39,1,4
0.728,-0.228,-4.14,0.99,-0.058,0.388,1,4
0.758,-0.22,-4.198,0.99,-0.078,0.388,1,4
0.794,-0.212,-4.268,0.99,-0.094,0.388,1,4
0.852,-0.206,-4.354,0.99,-0.11,0.388,1,4
0.914,-0.202,-4.448,0.996,-0.13,0.38,1,4
0.96,-0.204,-4.52,1.002,-0.148,0.37,1,4
1.02,-0.196,-4.602,1.006,-0.142,0.346,1,4
1.074,-0.188,-4.672,1.01,-0.12,0.322,1,4
1.116,-0.16,-4.65,1.014,-0.098,0.298,1,4
1.154,-0.13,-4.62,1.002,-0.062,0.308,1,4
1.198,-0.1,-4.574,0.99,-0.024,0.326,1,4
1.234,-0.078,-4.504,0.98,0.004,0.356,1,4
1.27,-0.056,-4.434,0.97,0.02,0.39,1,4
1.29,-0.054,-4.388,0.96,0.036,0.424,1,4
1.318,-0.05,-4.33,0.96,0.042,0.432,1,4
1.358,-0.042,-4.266,0.962,0.062,0.464,1,4
1.402,-0.036,-4.208,0.964,0.082,0.496,1,4
1.446,-0.03,-4.15,0.968,0.1,0.532,1,4
1.494,-0.02,-4.072,0.974,0.126,0.61,1,4
1.5,-0.066,-3.712,0.98,0.152,0.688,1,4
1.488,-0.116,-3.374,0.982,0.162,0.748,1,4
1.466,-0.166,-3.044,0.98,0.174,0.936,1,4
1.422,-0.224,-2.618,0.978,0.172,1.158,1,4
1.36,-0.276,-2.172,0.982,0.154,1.374,1,4
1.332,-0.274,-2.02,0.986,0.136,1.59,1,4
1.45,-0.268,-1.75,0.996,0.112,1.826,1,4
1.568,-0.262,-1.48,1.01,0.076,1.94,1,4
1.708,-0.228,-1.232,1.022,0.044,2.016,1,4
1.854,-0.204,-1.04,1.026,0.02,2.056,1,4
1.922,-0.08,-0.504,1.04,-0.012,2.1,1,4
1.826,0.078,-0.0859999999999999,1.05,-0.038,2.114,1,4
1.73,0.236,0.332,1.076,-0.066,2.122,1,0
1.634,0.374,0.676,1.102,-0.086,2.126,1,0
1.538,0.512,1.02,1.148,-0.108,2.078,1,0
1.466,0.496,1.232,1.184,-0.122,2.026,1,0
1.412,0.442,1.444,1.22,-0.136,1.974,1,0
1.38,0.356,1.672,1.24,-0.13,1.924,1,0
1.348,0.27,1.9,1.262,-0.086,1.89,1,0
1.316,0.184,2.128,1.264,-0.04,1.908,1,0
1.378,0.096,2.204,1.266,0.00599999999999999,1.926,1,0
1.44,0.008,2.28,1.282,0.074,1.968,1,0
1.396,-0.092,2.392,1.298,0.134,2.008,1,0
1.352,-0.192,2.504,1.312,0.156,2.032,1,0
1.308,-0.292,2.616,1.334,0.176,2.066,1,0
1.224,-0.336,2.668,1.364,0.204,2.108,1,0
1.138,-0.382,2.74,1.38,0.21,2.126,1,0
1.136,-0.384,2.76,1.396,0.216,2.144,1,0
1.134,-0.386,2.78,1.424,0.222,2.172,1,0
1.12,-0.378,2.816,1.444,0.23,2.19,1,0
1.074,-0.354,2.87,1.462,0.226,2.212,1,0
1.008,-0.344,2.918,1.48,0.222,2.234,1,0
0.942,-0.334,2.966,1.504,0.208,2.276,1,0
0.868,-0.33,3,1.516,0.194,2.308,1,0
0.806,-0.336,3.018,1.538,0.132,2.37,1,0
0.776,-0.358,3.018,1.554,0.056,2.42,1,0
0.78,-0.362,2.936,1.57,-0.02,2.47,1,0
0.784,-0.366,2.854,1.58,-0.086,2.5,1,0
0.794,-0.366,2.74,1.588,-0.156,2.526,1,0
0.81,-0.352,2.582,1.586,-0.178,2.522,1,0
0.82,-0.318,2.344,1.584,-0.182,2.518,1,0
0.822,-0.292,2.108,1.578,-0.202,2.508,1,0
0.83,-0.286,1.846,1.572,-0.222,2.498,1,0
0.844,-0.298,1.602,1.574,-0.246,2.482,1,0
0.852,-0.324,1.402,1.576,-0.27,2.466,1,0
0.874,-0.382,1.252,1.624,-0.284,2.398,1,1
0.892,-0.434,1.168,1.676,-0.282,2.336,1,1
0.922,-0.462,1.068,1.728,-0.28,2.274,1,1
0.948,-0.47,0.996,1.586,-0.302,2.06,1,1
0.976,-0.472,0.912,1.444,-0.324,1.846,1,1
1,-0.452,0.85,1.184,-0.39,1.644,1,1
1.024,-0.424,0.788,0.924,-0.456,1.442,1,1
1.036,-0.386,0.772,0.612,-0.478,1.212,1,1
1.048,-0.332,0.762,0.488,-0.468,1.144,1,1
1.058,-0.284,0.764,0.318,-0.452,1.056,1,1
1.06,-0.216,0.788,0.208,-0.376,0.992,1,1
1.062,-0.156,0.812,0.126,-0.318,0.924,1,1
1.042,-0.148,0.804,0.096,-0.304,0.884,1,1
1.022,-0.156,0.79,0.198,-0.32,0.762,1,1
1.004,-0.176,0.754,0.346,-0.342,0.66,1,1
0.99,-0.19,0.69,0.506,-0.39,0.574,1,1
0.976,-0.204,0.626,0.638,-0.42,0.492,1,1
0.98,-0.178,0.59,0.764,-0.422,0.394,1,1
0.986,-0.144,0.554,0.702,-0.28,0.258,1,1
0.99,-0.088,0.54,0.634,-0.13,0.102,1,1
0.992,-0.09,0.542,0.54,-0.024,-0.164,1,1
0.996,-0.102,0.542,0.444,0.026,-0.456,1,1
0.998,-0.116,0.542,0.354,0.048,-0.732,1,1
0.996,-0.146,0.538,0.32,-0.06,-0.922,1,1
0.994,-0.186,0.534,0.302,-0.174,-1.126,1,1
0.994,-0.204,0.524,0.348,-0.28,-1.454,1,1
0.992,-0.206,0.514,0.396,-0.33,-1.756,1,1
0.99,-0.208,0.504,0.446,-0.386,-2.096,1,1
0.99,-0.206,0.496,0.496,-0.426,-2.402,1,1
0.99,-0.206,0.484,0.538,-0.464,-2.708,1,1
0.99,-0.206,0.476,0.546,-0.464,-2.81,1,1
0.988,-0.218,0.464,0.554,-0.464,-2.912,1,1
0.984,-0.226,0.448,0.56,-0.458,-2.976,1,1
0.98,-0.23,0.434,0.566,-0.436,-3.148,1,1
0.976,-0.234,0.418,0.57,-0.418,-3.286,1,1
0.972,-0.234,0.398,0.57,-0.402,-3.394,1,1
0.97,-0.228,0.384,0.568,-0.386,-3.524,1,1
0.97,-0.226,0.374,0.566,-0.37,-3.654,1,1
0.97,-0.22,0.36,0.564,-0.37,-3.676,1,1
0.97,-0.212,0.352,0.562,-0.37,-3.698,1,1
0.97,-0.208,0.348,0.558,-0.368,-3.742,1,1
0.97,-0.204,0.344,0.556,-0.366,-3.764,1,1
0.97,-0.2,0.34,0.554,-0.358,-3.804,1,1
0.972,-0.198,0.334,0.552,-0.35,-3.844,1,1
0.976,-0.196,0.326,0.55,-0.342,-3.884,1,1
0.98,-0.194,0.318,0.55,-0.33,-3.93,1,1
0.984,-0.19,0.308,0.55,-0.318,-3.976,1,1
0.988,-0.186,0.298,0.55,-0.314,-4.014,1,1
0.99,-0.182,0.294,0.55,-0.31,-4.052,1,1
0.99,-0.178,0.292,0.552,-0.304,-4.1,1,1
0.99,-0.174,0.29,0.554,-0.304,-4.12,1,1
0.99,-0.17,0.29,0.556,-0.304,-4.14,1,1
0.99,-0.166,0.29,0.562,-0.304,-4.16,1,1
0.99,-0.164,0.29,0.568,-0.304,-4.18,1,1
0.99,-0.162,0.29,0.572,-0.306,-4.19,1,1
0.992,-0.158,0.29,0.576,-0.308,-4.2,1,1
0.994,-0.156,0.29,0.582,-0.308,-4.22,1,1
0.996,-0.154,0.29,0.584,-0.306,-4.23,1,1
0.998,-0.152,0.29,0.586,-0.304,-4.24,1,1
1,-0.15,0.292,0.588,-0.302,-4.25,1,1
1,-0.15,0.294,0.596,-0.306,-4.272,1,1
1,-0.15,0.296,0.602,-0.312,-4.284,1,1
1,-0.15,0.298,0.608,-0.318,-4.296,1,1
1,-0.15,0.3,0.614,-0.324,-4.308,1,1
1,-0.146,0.302,0.62,-0.33,-4.32,1,1
1,-0.142,0.304,0.622,-0.326,-4.332,1,1
1,-0.138,0.306,0.624,-0.322,-4.344,1,1
1,-0.134,0.308,0.626,-0.318,-4.356,1,1
1.002,-0.128,0.314,0.628,-0.314,-4.368,1,1
1.004,-0.126,0.318,0.634,-0.31,-4.394,1,1
1.006,-0.124,0.322,0.638,-0.31,-4.408,1,1
1.008,-0.122,0.326,0.642,-0.31,-4.422,1,1
1.012,-0.118,0.334,0.648,-0.306,-4.452,1,1
1.014,-0.116,0.338,0.654,-0.302,-4.482,1,1
1.016,-0.114,0.342,0.656,-0.298,-4.498,1,1
1.016,-0.116,0.35,0.662,-0.292,-4.532,1,1
1.016,-0.118,0.358,0.668,-0.286,-4.566,1,1
1.014,-0.122,0.362,0.672,-0.284,-4.584,1,1
1.01,-0.126,0.368,0.676,-0.282,-4.602,1,1
1.006,-0.13,0.374,0.68,-0.28,-4.62,1,1
1.004,-0.13,0.376,0.684,-0.274,-4.636,1,1
1.002,-0.13,0.378,0.688,-0.268,-4.652,1,1
1,-0.13,0.38,0.694,-0.26,-4.686,1,1
1.004,-0.128,0.382,0.7,-0.252,-4.72,1,1
1.008,-0.126,0.384,0.706,-0.244,-4.754,1,1
1.012,-0.124,0.386,0.708,-0.242,-4.772,1,1
1.018,-0.122,0.392,0.71,-0.24,-4.79,1,1
1.024,-0.12,0.398,0.718,-0.232,-4.804,1,1
1.026,-0.12,0.402,0.726,-0.224,-4.818,1,1
1.028,-0.12,0.406,0.734,-0.216,-4.832,1,1
1.026,-0.12,0.412,0.746,-0.202,-4.86,1,1
1.022,-0.12,0.414,0.76,-0.184,-4.9,1,1
1.018,-0.12,0.416,0.766,-0.174,-4.926,1,1
1.014,-0.114,0.42,0.79,-0.164,-4.974,1,1
1.01,-0.118,0.424,0.822,-0.156,-5.034,1,1
1.014,-0.118,0.424,0.85,-0.154,-5.08,1,1
1.02,-0.118,0.422,0.89,-0.16,-5.136,1,1
1.026,-0.118,0.418,0.93,-0.166,-5.192,1,1
1.032,-0.122,0.412,0.952,-0.172,-5.226,1,1
1.038,-0.116,0.406,0.976,-0.178,-5.258,1,1
1.04,-0.114,0.402,1,-0.184,-5.29,1,1
1.04,-0.112,0.4,1.016,-0.192,-5.308,1,1
1.038,-0.102,0.402,1.032,-0.2,-5.326,1,1
1.036,-0.094,0.404,1.048,-0.208,-5.344,1,1
1.034,-0.086,0.406,1.054,-0.214,-5.352,1,1
1.032,-0.078,0.408,1.06,-0.22,-5.36,1,1
1.03,-0.072,0.414,1.06,-0.22,-5.36,1,1
1.03,-0.074,0.418,1.068,-0.224,-5.37,1,1
1.034,-0.074,0.426,1.076,-0.228,-5.38,1,1
1.038,-0.074,0.434,1.098,-0.232,-5.398,1,1
1.042,-0.074,0.442,1.12,-0.236,-5.416,1,1
1.046,-0.072,0.446,1.142,-0.24,-5.434,1,1
1.05,-0.07,0.45,1.168,-0.244,-5.446,1,1
1.048,-0.068,0.464,1.194,-0.248,-5.458,1,1
1.044,-0.068,0.486,1.206,-0.252,-5.462,1,1
1.04,-0.068,0.508,1.28,-0.27,-5.468,1,1
1.04,-0.068,0.536,1.354,-0.288,-5.474,1,1
1.038,-0.066,0.57,1.45,-0.314,-5.476,1,1
1.034,-0.056,0.618,1.552,-0.33,-5.438,1,1
1.038,-0.036,0.734,1.64,-0.34,-5.374,1,1
1.04,-0.008,0.866,1.666,-0.336,-5.308,1,1
1.04,0.02,1.004,1.674,-0.328,-5.172,1,1
1.042,0.046,1.136,1.632,-0.306,-4.992,1,1
1.044,0.058,1.252,1.57,-0.302,-4.806,1,1
1.04,0.062,1.292,1.464,-0.318,-4.406,1,1
1.038,0.058,1.316,1.346,-0.324,-3.924,1,1
1.034,0.054,1.328,1.222,-0.35,-3.426,1,1
1.038,0.054,1.348,1.106,-0.406,-2.896,1,1
1.064,0.034,1.456,1.146,-0.428,-2.09,1,1
1.09,0.014,1.564,1.31,-0.342,-1.418,1,2
1.114,-0.01,1.676,1.372,-0.356,-0.752,1,2
1.138,-0.034,1.788,1.428,-0.354,-0.102,1,2
1.154,-0.062,1.896,1.472,-0.278,0.57,1,2
1.152,-0.066,1.904,1.36,-0.272,0.984,1,2
1.15,-0.07,1.912,1.182,-0.36,1.292,1,2
1.15,-0.07,1.916,1.092,-0.268,1.522,1,2
1.156,-0.104,1.92,1.006,0.108,1.754,1,2
1.162,-0.138,1.92,1.004,0.406,1.922,1,3
1.17,-0.166,1.918,1.016,0.748,2.026,1,3
1.178,-0.194,1.916,1.028,1.09,2.13,1,3
1.192,-0.208,1.932,1.066,1.342,2.236,1,3
1.2,-0.188,1.948,1.112,1.246,2.296,1,3
1.208,-0.168,1.964,1.082,1.116,2.32,1,3
1.236,-0.14,2.016,1.052,0.986,2.344,1,3
1.27,-0.11,2.076,1.02,0.818,2.352,1,3
1.302,-0.09,2.128,0.988,0.65,2.36,1,3
1.334,-0.07,2.18,1.062,0.418,2.256,1,3
1.37,-0.06,2.246,1.148,0.252,2.154,1,3
1.384,-0.064,2.278,1.206,0.056,2.088,1,3
1.392,-0.07,2.302,1.266,-0.102,2.038,1,3
1.396,-0.06,2.312,1.326,-0.26,1.988,1,3
1.414,-0.044,2.322,1.272,-0.31,2.044,1,3
1.47,-0.016,2.324,1.218,-0.36,2.1,1,3
1.532,0.01,2.332,1.208,-0.38,2.142,1,3
1.602,0.026,2.342,1.198,-0.4,2.184,1,3
1.672,0.022,2.356,1.164,-0.452,2.276,1,3
1.658,-0.044,2.354,1.12,-0.462,2.368,1,3
1.606,-0.122,2.338,1.088,-0.428,2.27,1,3
1.53,-0.214,2.3,1.042,-0.316,2.124,1,3
1.454,-0.298,2.248,0.996,-0.204,1.978,1,3
1.378,-0.382,2.196,0.974,-0.06,1.782,1,4
1.372,-0.41,2.16,0.984,0.03,1.536,1,4
1.36,-0.446,2.112,0.982,0.092,1.448,1,4
1.35,-0.482,2.064,0.988,0.078,1.358,1,4
1.332,-0.516,2.028,0.986,0.056,1.24,1,4
1.27,-0.596,1.966,0.986,0.028,1.098,1,4
1.174,-0.688,1.884,0.99,0.032,0.986,1,4
1.012,-0.7,1.6,0.998,0.018,0.88,1,4
0.864,-0.676,1.32,0.996,0.002,0.802,1,4
0.716,-0.652,1.04,1.002,0.004,0.758,1,4
0.612,-0.582,0.786,1.004,0.002,0.748,1,4
0.542,-0.5,0.552,0.994,0.014,0.752,1,4
0.546,-0.486,0.504,0.98,0.028,0.782,1,4
0.552,-0.492,0.468,0.974,0.04,0.828,1,4
0.554,-0.358,0.34,0.968,0.042,0.868,1,4
0.51,-0.256,0.198,0.97,0.05,0.89,1,4
0.466,-0.154,0.056,0.978,0.04,0.858,1,4
0.416,-0.046,-0.05,0.986,0.03,0.808,1,4
0.356,0.058,-0.168,0.986,0.022,0.742,1,4
0.286,-0.004,-0.21,0.986,-0.004,0.67,1,4
0.262,-0.034,-0.238,0.98,-0.026,0.606,1,4
0.226,-0.072,-0.288,0.984,-0.038,0.58,1,4
0.19,-0.124,-0.362,0.988,-0.05,0.572,1,4
0.166,-0.184,-0.448,0.988,-0.05,0.564,1,4
0.154,-0.236,-0.55,0.984,-0.032,0.566,1,4
0.146,-0.3,-0.684,0.986,-0.012,0.574,1,4
0.17,-0.388,-0.868,0.984,0.002,0.584,1,4
0.22,-0.452,-1.306,0.976,0.014,0.602,1,4
0.268,-0.504,-1.72,0.976,0.01,0.626,1,4
0.318,-0.528,-2.124,0.98,0.006,0.646,1,4
0.364,-0.54,-2.496,0.978,-0.008,0.662,1,4
0.39,-0.52,-2.796,0.974,-0.02,0.68,1,4
0.39,-0.494,-2.856,0.978,-0.036,0.688,1,4
0.39,-0.462,-2.934,0.978,-0.048,0.69,1,4
0.39,-0.44,-2.99,0.982,-0.056,0.692,1,4
0.394,-0.42,-3.078,0.986,-0.056,0.692,1,4
0.408,-0.4,-3.196,0.992,-0.06,0.682,1,4
0.426,-0.392,-3.29,0.992,-0.06,0.672,1,4
0.444,-0.39,-3.366,0.994,-0.072,0.634,1,4
0.464,-0.392,-3.456,0.992,-0.088,0.596,1,4
0.484,-0.398,-3.528,0.99,-0.104,0.558,1,4
0.514,-0.398,-3.634,0.986,-0.116,0.526,1,4
0.546,-0.398,-3.752,0.986,-0.128,0.494,1,4
0.59,-0.38,-3.906,0.99,-0.134,0.454,1,4
0.71,-0.328,-4.124,0.984,-0.122,0.422,1,4
0.826,-0.27,-4.328,0.984,-0.108,0.392,1,4
0.962,-0.214,-4.442,0.986,-0.096,0.364,1,4
1.0425,-0.1725,-4.53,0.9875,-0.0875,0.335,1,4
1.15666666666667,-0.133333333333333,-4.61666666666667,0.98,-0.0633333333333333,0.346666666666667,1,4
